id_usuario,posicion,id_obra,score,nivel
23,1,1225,0.0,svd
23,2,1154,0.0,svd
23,3,1061,0.0,svd
23,4,1149,0.0,svd
23,5,974,0.0,svd
23,6,1053,0.0,svd
23,7,989,0.0,svd
23,8,966,0.0,svd
23,9,1060,0.0,svd
23,10,1146,0.0,svd
24,1,978,0.001,svd
24,2,1055,0.001,svd
24,3,1195,0.001,svd
24,4,1215,0.001,svd
24,5,1131,0.001,svd
24,6,981,0.001,svd
24,7,961,0.001,svd
24,8,1142,0.001,svd
24,9,1210,0.001,svd
24,10,1219,0.001,svd
30,1,1210,0.036,svd
30,2,1195,0.034,svd
30,3,1131,0.033,svd
30,4,1219,0.032,svd
30,5,978,0.032,svd
30,6,967,0.031,svd
30,7,1055,0.029,svd
30,8,961,0.029,svd
30,9,1044,0.028,svd
30,10,1130,0.027,svd
32,1,1154,0.056,svd
32,2,1138,0.052,svd
32,3,1053,0.052,svd
32,4,1061,0.051,svd
32,5,1146,0.047,svd
32,6,1224,0.045,svd
32,7,973,0.045,svd
32,8,1222,0.043,svd
32,9,1003,0.036,svd
32,10,974,0.036,svd
1337,1,977,0.69,svd
1337,2,975,0.647,svd
1337,3,1226,0.591,svd
1337,4,1051,0.558,svd
1337,5,980,0.521,svd
1337,6,1234,0.519,svd
1337,7,988,0.496,svd
1337,8,1058,0.473,svd
1337,9,1143,0.459,svd
1337,10,1083,0.442,svd
1338,1,1240,0.614,svd
1338,2,1233,0.543,svd
1338,3,1083,0.487,svd
1338,4,982,0.484,svd
1338,5,1239,0.483,svd
1338,6,983,0.458,svd
1338,7,1155,0.444,svd
1338,8,1250,0.431,svd
1338,9,1027,0.421,svd
1338,10,1209,0.412,svd
1339,1,1027,0.702,svd
1339,2,1164,0.626,svd
1339,3,1253,0.588,svd
1339,4,1077,0.576,svd
1339,5,1153,0.536,svd
1339,6,995,0.517,svd
1339,7,1144,0.512,svd
1339,8,1087,0.507,svd
1339,9,1078,0.483,svd
1339,10,1171,0.476,svd
1340,1,1013,0.428,svd
1340,2,1011,0.397,svd
1340,3,1175,0.393,svd
1340,4,1249,0.393,svd
1340,5,1010,0.379,svd
1340,6,1092,0.362,svd
1340,7,1181,0.361,svd
1340,8,1099,0.357,svd
1340,9,1177,0.352,svd
1340,10,1015,0.352,svd
1341,1,1055,0.288,svd
1341,2,978,0.285,svd
1341,3,1168,0.277,svd
1341,4,1243,0.27,svd
1341,5,984,0.264,svd
1341,6,1155,0.264,svd
1341,7,1142,0.262,svd
1341,8,1218,0.255,svd
1341,9,981,0.248,svd
1341,10,1076,0.248,svd
1342,1,1049,0.619,svd
1342,2,1117,0.619,svd
1342,3,1047,0.594,svd
1342,4,1219,0.592,svd
1342,5,1135,0.565,svd
1342,6,1136,0.558,svd
1342,7,1016,0.542,svd
1342,8,1133,0.537,svd
1342,9,1052,0.536,svd
1342,10,957,0.521,svd
1343,1,1221,0.588,svd
1343,2,1076,0.572,svd
1343,3,1139,0.544,svd
1343,4,1145,0.524,svd
1343,5,1060,0.512,svd
1343,6,977,0.506,svd
1343,7,1204,0.484,svd
1343,8,969,0.483,svd
1343,9,972,0.456,svd
1343,10,1238,0.44,svd
1344,1,1043,0.587,svd
1344,2,1076,0.585,svd
1344,3,1084,0.538,svd
1344,4,1004,0.528,svd
1344,5,996,0.489,svd
1344,6,1252,0.479,svd
1344,7,1027,0.462,svd
1344,8,1075,0.442,svd
1344,9,1237,0.434,svd
1344,10,1072,0.423,svd
1345,1,1172,0.497,svd
1345,2,1153,0.469,svd
1345,3,1081,0.426,svd
1345,4,964,0.411,svd
1345,5,1252,0.382,svd
1345,6,1166,0.368,svd
1345,7,993,0.358,svd
1345,8,1097,0.352,svd
1345,9,1084,0.344,svd
1345,10,996,0.343,svd
1346,1,1175,0.675,svd
1346,2,1173,0.627,svd
1346,3,1095,0.581,svd
1346,4,1013,0.571,svd
1346,5,1194,0.537,svd
1346,6,1129,0.519,svd
1346,7,1249,0.511,svd
1346,8,1033,0.49,svd
1346,9,1097,0.464,svd
1346,10,1009,0.455,svd
1347,1,973,0.221,svd
1347,2,1241,0.2,svd
1347,3,1055,0.195,svd
1347,4,1043,0.192,svd
1347,5,981,0.182,svd
1347,6,1076,0.167,svd
1347,7,1145,0.156,svd
1347,8,1225,0.154,svd
1347,9,1160,0.152,svd
1347,10,1084,0.146,svd
1348,1,1170,0.599,svd
1348,2,1217,0.522,svd
1348,3,1064,0.514,svd
1348,4,1188,0.513,svd
1348,5,1066,0.504,svd
1348,6,991,0.502,svd
1348,7,960,0.481,svd
1348,8,1146,0.47,svd
1348,9,1141,0.469,svd
1348,10,1200,0.467,svd
1349,1,988,0.486,svd
1349,2,1218,0.436,svd
1349,3,1093,0.409,svd
1349,4,1239,0.398,svd
1349,5,978,0.392,svd
1349,6,977,0.387,svd
1349,7,983,0.381,svd
1349,8,1139,0.38,svd
1349,9,1225,0.378,svd
1349,10,1032,0.378,svd
1350,1,1239,0.625,svd
1350,2,1169,0.575,svd
1350,3,1161,0.524,svd
1350,4,1083,0.513,svd
1350,5,1240,0.469,svd
1350,6,992,0.467,svd
1350,7,1076,0.453,svd
1350,8,1002,0.447,svd
1350,9,1032,0.435,svd
1350,10,1162,0.426,svd
1351,1,1027,0.687,svd
1351,2,1153,0.607,svd
1351,3,994,0.594,svd
1351,4,1164,0.57,svd
1351,5,964,0.57,svd
1351,6,1002,0.532,svd
1351,7,1254,0.507,svd
1351,8,996,0.494,svd
1351,9,1082,0.492,svd
1351,10,1085,0.477,svd
1352,1,1015,0.48,svd
1352,2,1014,0.449,svd
1352,3,989,0.43,svd
1352,4,1057,0.409,svd
1352,5,1012,0.407,svd
1352,6,1173,0.38,svd
1352,7,1013,0.379,svd
1352,8,1181,0.372,svd
1352,9,1092,0.365,svd
1352,10,1193,0.352,svd
1353,1,1230,0.196,svd
1353,2,1063,0.193,svd
1353,3,1062,0.187,svd
1353,4,1006,0.179,svd
1353,5,1059,0.178,svd
1353,6,1013,0.177,svd
1353,7,1005,0.174,svd
1353,8,1141,0.173,svd
1353,9,1032,0.173,svd
1353,10,1033,0.169,svd
1354,1,1248,0.624,svd
1354,2,1188,0.62,svd
1354,3,1131,0.619,svd
1354,4,1214,0.6,svd
1354,5,966,0.586,svd
1354,6,1130,0.581,svd
1354,7,959,0.578,svd
1354,8,1041,0.556,svd
1354,9,991,0.551,svd
1354,10,1203,0.538,svd
1355,1,1146,0.704,svd
1355,2,1068,0.577,svd
1355,3,1058,0.565,svd
1355,4,1051,0.539,svd
1355,5,1141,0.525,svd
1355,6,1093,0.511,svd
1355,7,1224,0.476,svd
1355,8,1230,0.474,svd
1355,9,1156,0.457,svd
1355,10,1157,0.431,svd
1356,1,1149,0.519,svd
1356,2,981,0.495,svd
1356,3,1155,0.481,svd
1356,4,1084,0.478,svd
1356,5,988,0.477,svd
1356,6,1085,0.463,svd
1356,7,990,0.453,svd
1356,8,1161,0.439,svd
1356,9,1235,0.417,svd
1356,10,1169,0.414,svd
1357,1,1081,0.608,svd
1357,2,1254,0.547,svd
1357,3,1087,0.527,svd
1357,4,994,0.511,svd
1357,5,1164,0.506,svd
1357,6,1036,0.503,svd
1357,7,1099,0.501,svd
1357,8,1092,0.448,svd
1357,9,1163,0.447,svd
1357,10,1096,0.421,svd
1358,1,1194,0.472,svd
1358,2,1092,0.467,svd
1358,3,1014,0.463,svd
1358,4,1006,0.447,svd
1358,5,1175,0.43,svd
1358,6,1242,0.427,svd
1358,7,1010,0.409,svd
1358,8,1033,0.399,svd
1358,9,1180,0.392,svd
1358,10,1011,0.39,svd
1359,1,1154,0.25,svd
1359,2,1092,0.223,svd
1359,3,989,0.22,svd
1359,4,1146,0.206,svd
1359,5,1099,0.201,svd
1359,6,1061,0.198,svd
1359,7,1053,0.191,svd
1359,8,1226,0.182,svd
1359,9,1015,0.176,svd
1359,10,1144,0.176,svd
1360,1,1195,0.594,svd
1360,2,1117,0.587,svd
1360,3,1219,0.57,svd
1360,4,959,0.567,svd
1360,5,1215,0.561,svd
1360,6,1066,0.547,svd
1360,7,1016,0.518,svd
1360,8,1203,0.512,svd
1360,9,957,0.48,svd
1360,10,1088,0.476,svd
1361,1,1204,0.615,svd
1361,2,981,0.568,svd
1361,3,1076,0.548,svd
1361,4,973,0.525,svd
1361,5,1061,0.516,svd
1361,6,1003,0.514,svd
1361,7,1148,0.512,svd
1361,8,1068,0.505,svd
1361,9,1069,0.502,svd
1361,10,1168,0.5,svd
1362,1,1158,0.667,svd
1362,2,1240,0.634,svd
1362,3,982,0.587,svd
1362,4,1149,0.507,svd
1362,5,1076,0.495,svd
1362,6,990,0.49,svd
1362,7,1151,0.46,svd
1362,8,1244,0.453,svd
1362,9,1074,0.433,svd
1362,10,1159,0.43,svd
1363,1,1000,0.663,svd
1363,2,998,0.535,svd
1363,3,1087,0.506,svd
1363,4,994,0.503,svd
1363,5,1001,0.489,svd
1363,6,1153,0.471,svd
1363,7,964,0.454,svd
1363,8,1002,0.451,svd
1363,9,1084,0.45,svd
1363,10,1077,0.447,svd
1364,1,1014,0.464,svd
1364,2,1012,0.423,svd
1364,3,1242,0.422,svd
1364,4,1112,0.411,svd
1364,5,1011,0.404,svd
1364,6,1089,0.399,svd
1364,7,1249,0.396,svd
1364,8,1013,0.393,svd
1364,9,1144,0.384,svd
1364,10,1096,0.375,svd
1365,1,1069,0.258,svd
1365,2,1240,0.257,svd
1365,3,1221,0.238,svd
1365,4,1059,0.229,svd
1365,5,975,0.223,svd
1365,6,1023,0.219,svd
1365,7,1150,0.218,svd
1365,8,1066,0.217,svd
1365,9,972,0.213,svd
1365,10,1141,0.208,svd
1366,1,1170,0.569,svd
1366,2,1188,0.523,svd
1366,3,1133,0.521,svd
1366,4,957,0.509,svd
1366,5,1046,0.495,svd
1366,6,1045,0.471,svd
1366,7,1134,0.47,svd
1366,8,1213,0.467,svd
1366,9,1215,0.461,svd
1366,10,1136,0.447,svd
1367,1,973,0.542,svd
1367,2,1145,0.502,svd
1367,3,1061,0.49,svd
1367,4,1138,0.489,svd
1367,5,1241,0.467,svd
1367,6,1060,0.462,svd
1367,7,1053,0.46,svd
1367,8,1139,0.46,svd
1367,9,1141,0.457,svd
1367,10,981,0.45,svd
1368,1,1069,0.594,svd
1368,2,992,0.592,svd
1368,3,1032,0.554,svd
1368,4,990,0.55,svd
1368,5,1247,0.546,svd
1368,6,1244,0.533,svd
1368,7,1149,0.522,svd
1368,8,1151,0.522,svd
1368,9,1233,0.51,svd
1368,10,1250,0.495,svd
1369,1,999,0.669,svd
1369,2,1088,0.612,svd
1369,3,1251,0.545,svd
1369,4,1036,0.534,svd
1369,5,1084,0.521,svd
1369,6,964,0.514,svd
1369,7,1001,0.506,svd
1369,8,994,0.475,svd
1369,9,1086,0.462,svd
1369,10,1164,0.458,svd
1370,1,1013,0.411,svd
1370,2,1175,0.391,svd
1370,3,1012,0.386,svd
1370,4,1028,0.385,svd
1370,5,1005,0.373,svd
1370,6,1033,0.366,svd
1370,7,1011,0.364,svd
1370,8,1092,0.363,svd
1370,9,1009,0.359,svd
1370,10,1097,0.358,svd
1371,1,1082,0.281,svd
1371,2,1002,0.27,svd
1371,3,964,0.259,svd
1371,4,998,0.258,svd
1371,5,1077,0.244,svd
1371,6,1085,0.242,svd
1371,7,1004,0.239,svd
1371,8,1252,0.236,svd
1371,9,1081,0.236,svd
1371,10,1253,0.23,svd
1372,1,1016,0.49,svd
1372,2,1046,0.49,svd
1372,3,1117,0.462,svd
1372,4,1021,0.462,svd
1372,5,1136,0.452,svd
1372,6,1198,0.435,svd
1372,7,1210,0.435,svd
1372,8,1041,0.433,svd
1372,9,1170,0.429,svd
1372,10,1200,0.397,svd
1373,1,1141,0.744,svd
1373,2,980,0.706,svd
1373,3,1204,0.664,svd
1373,4,1227,0.658,svd
1373,5,1234,0.624,svd
1373,6,1093,0.617,svd
1373,7,1231,0.612,svd
1373,8,1160,0.609,svd
1373,9,1178,0.609,svd
1373,10,1062,0.58,svd
1374,1,1073,0.564,svd
1374,2,1251,0.534,svd
1374,3,1237,0.522,svd
1374,4,982,0.516,svd
1374,5,1233,0.513,svd
1374,6,988,0.51,svd
1374,7,1157,0.493,svd
1374,8,1043,0.475,svd
1374,9,1079,0.453,svd
1374,10,1084,0.442,svd
1375,1,964,0.508,svd
1375,2,1050,0.499,svd
1375,3,999,0.418,svd
1375,4,1000,0.4,svd
1375,5,1002,0.399,svd
1375,6,1088,0.386,svd
1375,7,1027,0.367,svd
1375,8,1001,0.362,svd
1375,9,1251,0.358,svd
1375,10,1084,0.355,svd
1376,1,1099,0.569,svd
1376,2,1092,0.549,svd
1376,3,989,0.529,svd
1376,4,1015,0.522,svd
1376,5,1011,0.509,svd
1376,6,1173,0.505,svd
1376,7,1010,0.504,svd
1376,8,1180,0.492,svd
1376,9,1008,0.489,svd
1376,10,1028,0.486,svd
1377,1,1243,0.282,svd
1377,2,1169,0.276,svd
1377,3,1005,0.27,svd
1377,4,984,0.264,svd
1377,5,1027,0.258,svd
1377,6,990,0.254,svd
1377,7,1076,0.244,svd
1377,8,1238,0.244,svd
1377,9,1250,0.243,svd
1377,10,1177,0.239,svd
1378,1,1021,0.521,svd
1378,2,1047,0.516,svd
1378,3,975,0.496,svd
1378,4,1210,0.485,svd
1378,5,1135,0.477,svd
1378,6,1226,0.476,svd
1378,7,1227,0.457,svd
1378,8,1136,0.436,svd
1378,9,969,0.436,svd
1378,10,1219,0.435,svd
1379,1,973,0.844,svd
1379,2,972,0.77,svd
1379,3,977,0.759,svd
1379,4,1141,0.691,svd
1379,5,1054,0.63,svd
1379,6,1051,0.561,svd
1379,7,1178,0.554,svd
1379,8,1146,0.547,svd
1379,9,980,0.524,svd
1379,10,1224,0.521,svd
1380,1,988,0.613,svd
1380,2,1032,0.595,svd
1380,3,1237,0.566,svd
1380,4,1243,0.563,svd
1380,5,1075,0.499,svd
1380,6,1244,0.475,svd
1380,7,983,0.461,svd
1380,8,1250,0.455,svd
1380,9,1209,0.447,svd
1380,10,1233,0.434,svd
1381,1,1004,0.602,svd
1381,2,1171,0.588,svd
1381,3,1050,0.581,svd
1381,4,1005,0.547,svd
1381,5,1087,0.543,svd
1381,6,1040,0.504,svd
1381,7,1251,0.49,svd
1381,8,1254,0.459,svd
1381,9,999,0.458,svd
1381,10,994,0.452,svd
1382,1,1013,0.495,svd
1382,2,1096,0.489,svd
1382,3,1144,0.483,svd
1382,4,1092,0.468,svd
1382,5,1179,0.468,svd
1382,6,1175,0.466,svd
1382,7,1180,0.464,svd
1382,8,1006,0.448,svd
1382,9,1099,0.413,svd
1382,10,1097,0.405,svd
1383,1,978,0.311,svd
1383,2,1195,0.223,svd
1383,3,1221,0.222,svd
1383,4,1006,0.218,svd
1383,5,1131,0.211,svd
1383,6,1095,0.206,svd
1383,7,974,0.196,svd
1383,8,1168,0.194,svd
1383,9,1215,0.193,svd
1383,10,1210,0.193,svd
1384,1,1128,0.684,svd
1384,2,1021,0.648,svd
1384,3,991,0.64,svd
1384,4,1228,0.594,svd
1384,5,1131,0.564,svd
1384,6,1042,0.559,svd
1384,7,1220,0.537,svd
1384,8,1016,0.512,svd
1384,9,1064,0.503,svd
1384,10,1200,0.502,svd
1385,1,1225,0.621,svd
1385,2,973,0.607,svd
1385,3,1054,0.528,svd
1385,4,1139,0.503,svd
1385,5,1053,0.499,svd
1385,6,1060,0.485,svd
1385,7,1145,0.48,svd
1385,8,1055,0.475,svd
1385,9,1230,0.46,svd
1385,10,1142,0.46,svd
1386,1,1076,0.652,svd
1386,2,981,0.62,svd
1386,3,1000,0.582,svd
1386,4,993,0.581,svd
1386,5,1088,0.552,svd
1386,6,1050,0.552,svd
1386,7,1155,0.535,svd
1386,8,1075,0.529,svd
1386,9,1002,0.522,svd
1386,10,982,0.518,svd
1387,1,1169,0.702,svd
1387,2,998,0.641,svd
1387,3,964,0.514,svd
1387,4,994,0.496,svd
1387,5,1004,0.482,svd
1387,6,1087,0.481,svd
1387,7,1166,0.467,svd
1387,8,1000,0.464,svd
1387,9,1084,0.464,svd
1387,10,993,0.457,svd
1388,1,1092,0.637,svd
1388,2,1179,0.616,svd
1388,3,1012,0.609,svd
1388,4,1242,0.569,svd
1388,5,1144,0.561,svd
1388,6,1015,0.556,svd
1388,7,1112,0.55,svd
1388,8,1011,0.546,svd
1388,9,1008,0.543,svd
1388,10,1105,0.522,svd
1389,1,967,0.207,svd
1389,2,1170,0.202,svd
1389,3,1131,0.196,svd
1389,4,978,0.194,svd
1389,5,1158,0.192,svd
1389,6,988,0.178,svd
1389,7,959,0.174,svd
1389,8,1134,0.167,svd
1389,9,1210,0.166,svd
1389,10,1112,0.165,svd
1390,1,1134,0.608,svd
1390,2,1225,0.557,svd
1390,3,1200,0.551,svd
1390,4,1044,0.534,svd
1390,5,1217,0.512,svd
1390,6,1203,0.503,svd
1390,7,1222,0.503,svd
1390,8,970,0.488,svd
1390,9,968,0.479,svd
1390,10,1224,0.472,svd
1391,1,972,0.615,svd
1391,2,1204,0.551,svd
1391,3,981,0.548,svd
1391,4,1225,0.532,svd
1391,5,1138,0.5,svd
1391,6,1053,0.481,svd
1391,7,975,0.467,svd
1391,8,970,0.464,svd
1391,9,1231,0.453,svd
1391,10,1054,0.449,svd
1392,1,1160,0.688,svd
1392,2,1076,0.555,svd
1392,3,1240,0.551,svd
1392,4,990,0.532,svd
1392,5,1235,0.53,svd
1392,6,1237,0.507,svd
1392,7,1149,0.474,svd
1392,8,1158,0.471,svd
1392,9,1151,0.449,svd
1392,10,984,0.447,svd
1393,1,998,0.664,svd
1393,2,1085,0.521,svd
1393,3,1087,0.492,svd
1393,4,1254,0.486,svd
1393,5,1171,0.48,svd
1393,6,1078,0.477,svd
1393,7,993,0.46,svd
1393,8,999,0.428,svd
1393,9,996,0.421,svd
1393,10,1001,0.415,svd
1394,1,1179,0.487,svd
1394,2,1175,0.476,svd
1394,3,1099,0.461,svd
1394,4,1014,0.461,svd
1394,5,1173,0.447,svd
1394,6,1013,0.434,svd
1394,7,1193,0.422,svd
1394,8,1096,0.42,svd
1394,9,1144,0.417,svd
1394,10,1008,0.414,svd
1395,1,1174,0.268,svd
1395,2,1096,0.24,svd
1395,3,989,0.232,svd
1395,4,1149,0.215,svd
1395,5,1179,0.213,svd
1395,6,1015,0.21,svd
1395,7,1175,0.207,svd
1395,8,1194,0.206,svd
1395,9,1173,0.201,svd
1395,10,1012,0.201,svd
1396,1,967,0.677,svd
1396,2,1016,0.627,svd
1396,3,959,0.622,svd
1396,4,1210,0.621,svd
1396,5,1188,0.576,svd
1396,6,1046,0.563,svd
1396,7,957,0.548,svd
1396,8,1064,0.544,svd
1396,9,1021,0.537,svd
1396,10,1203,0.53,svd
1397,1,975,0.79,svd
1397,2,1059,0.713,svd
1397,3,1063,0.703,svd
1397,4,972,0.647,svd
1397,5,1243,0.588,svd
1397,6,974,0.566,svd
1397,7,1150,0.557,svd
1397,8,1168,0.524,svd
1397,9,1205,0.48,svd
1397,10,1145,0.455,svd
1398,1,1075,0.548,svd
1398,2,1083,0.525,svd
1398,3,1235,0.499,svd
1398,4,990,0.492,svd
1398,5,1159,0.471,svd
1398,6,1237,0.442,svd
1398,7,1150,0.439,svd
1398,8,1241,0.379,svd
1398,9,1000,0.368,svd
1398,10,994,0.36,svd
1399,1,1000,0.681,svd
1399,2,1144,0.539,svd
1399,3,1027,0.533,svd
1399,4,1050,0.481,svd
1399,5,1015,0.466,svd
1399,6,1001,0.463,svd
1399,7,1087,0.46,svd
1399,8,1173,0.457,svd
1399,9,1012,0.455,svd
1399,10,1153,0.448,svd
1400,1,1033,0.639,svd
1400,2,1012,0.608,svd
1400,3,1099,0.598,svd
1400,4,1009,0.56,svd
1400,5,1144,0.543,svd
1400,6,1181,0.532,svd
1400,7,1028,0.511,svd
1400,8,1096,0.503,svd
1400,9,1180,0.501,svd
1400,10,1095,0.491,svd
1401,1,1154,0.357,svd
1401,2,1146,0.332,svd
1401,3,1088,0.309,svd
1401,4,1060,0.286,svd
1401,5,1054,0.276,svd
1401,6,1167,0.275,svd
1401,7,1056,0.273,svd
1401,8,1092,0.261,svd
1401,9,1253,0.245,svd
1401,10,975,0.241,svd
1402,1,1210,0.559,svd
1402,2,1117,0.532,svd
1402,3,1221,0.507,svd
1402,4,1046,0.503,svd
1402,5,1198,0.496,svd
1402,6,1195,0.471,svd
1402,7,1131,0.459,svd
1402,8,1064,0.45,svd
1402,9,1215,0.446,svd
1402,10,1044,0.433,svd
1403,1,983,0.674,svd
1403,2,1054,0.627,svd
1403,3,1032,0.613,svd
1403,4,1142,0.602,svd
1403,5,1218,0.548,svd
1403,6,1145,0.523,svd
1403,7,1053,0.507,svd
1403,8,1062,0.492,svd
1403,9,1072,0.49,svd
1403,10,1222,0.487,svd
1404,1,990,0.604,svd
1404,2,1027,0.584,svd
1404,3,1000,0.552,svd
1404,4,1083,0.551,svd
1404,5,1088,0.547,svd
1404,6,1235,0.538,svd
1404,7,1159,0.53,svd
1404,8,1076,0.523,svd
1404,9,999,0.523,svd
1404,10,1160,0.492,svd
1405,1,1084,0.53,svd
1405,2,1015,0.477,svd
1405,3,1081,0.475,svd
1405,4,1169,0.456,svd
1405,5,1172,0.443,svd
1405,6,1087,0.435,svd
1405,7,1036,0.417,svd
1405,8,1050,0.416,svd
1405,9,1005,0.414,svd
1405,10,1099,0.402,svd
1406,1,1033,0.526,svd
1406,2,1144,0.505,svd
1406,3,1014,0.503,svd
1406,4,989,0.497,svd
1406,5,1013,0.496,svd
1406,6,1012,0.478,svd
1406,7,1173,0.472,svd
1406,8,1249,0.456,svd
1406,9,1129,0.444,svd
1406,10,1181,0.423,svd
1407,1,966,0.262,svd
1407,2,1160,0.252,svd
1407,3,1154,0.251,svd
1407,4,1239,0.245,svd
1407,5,1170,0.236,svd
1407,6,1157,0.231,svd
1407,7,1225,0.229,svd
1407,8,1233,0.226,svd
1407,9,1241,0.223,svd
1407,10,1085,0.221,svd
1408,1,1138,0.643,svd
1408,2,1053,0.619,svd
1408,3,1204,0.614,svd
1408,4,1154,0.599,svd
1408,5,1016,0.591,svd
1408,6,1045,0.569,svd
1408,7,1136,0.56,svd
1408,8,1054,0.553,svd
1408,9,1062,0.551,svd
1408,10,1133,0.537,svd
1409,1,1145,0.694,svd
1409,2,1075,0.623,svd
1409,3,1151,0.616,svd
1409,4,1204,0.594,svd
1409,5,1148,0.592,svd
1409,6,1051,0.591,svd
1409,7,1023,0.587,svd
1409,8,1003,0.525,svd
1409,9,1053,0.502,svd
1409,10,1141,0.486,svd
1410,1,1075,0.61,svd
1410,2,1241,0.595,svd
1410,3,992,0.593,svd
1410,4,1084,0.556,svd
1410,5,1161,0.537,svd
1410,6,1240,0.528,svd
1410,7,993,0.523,svd
1410,8,990,0.516,svd
1410,9,971,0.512,svd
1410,10,998,0.501,svd
1411,1,1172,0.5,svd
1411,2,998,0.492,svd
1411,3,1081,0.46,svd
1411,4,1084,0.426,svd
1411,5,1002,0.417,svd
1411,6,1085,0.415,svd
1411,7,1027,0.399,svd
1411,8,1079,0.393,svd
1411,9,996,0.391,svd
1411,10,1161,0.378,svd
1412,1,1013,0.497,svd
1412,2,1092,0.474,svd
1412,3,1180,0.452,svd
1412,4,1173,0.431,svd
1412,5,1181,0.42,svd
1412,6,1097,0.407,svd
1412,7,1249,0.404,svd
1412,8,1008,0.403,svd
1412,9,1015,0.394,svd
1412,10,1107,0.386,svd
1413,1,1066,0.244,svd
1413,2,975,0.243,svd
1413,3,969,0.233,svd
1413,4,1062,0.22,svd
1413,5,1141,0.21,svd
1413,6,1195,0.205,svd
1413,7,1049,0.195,svd
1413,8,999,0.189,svd
1413,9,1174,0.175,svd
1413,10,982,0.175,svd
1414,1,1066,0.539,svd
1414,2,1041,0.519,svd
1414,3,1219,0.509,svd
1414,4,1131,0.504,svd
1414,5,1046,0.499,svd
1414,6,1016,0.482,svd
1414,7,1133,0.471,svd
1414,8,961,0.466,svd
1414,9,1214,0.466,svd
1414,10,1170,0.466,svd
1415,1,972,0.606,svd
1415,2,1141,0.589,svd
1415,3,1093,0.555,svd
1415,4,1155,0.506,svd
1415,5,1240,0.499,svd
1415,6,1056,0.489,svd
1415,7,1231,0.484,svd
1415,8,978,0.467,svd
1415,9,1139,0.463,svd
1415,10,1055,0.463,svd
1416,1,1075,0.514,svd
1416,2,1159,0.474,svd
1416,3,1155,0.47,svd
1416,4,1043,0.459,svd
1416,5,1237,0.457,svd
1416,6,1068,0.454,svd
1416,7,1069,0.449,svd
1416,8,1235,0.445,svd
1416,9,988,0.434,svd
1416,10,1239,0.429,svd
1417,1,1000,0.628,svd
1417,2,1172,0.582,svd
1417,3,1079,0.537,svd
1417,4,1164,0.528,svd
1417,5,998,0.528,svd
1417,6,1050,0.521,svd
1417,7,1085,0.511,svd
1417,8,1036,0.501,svd
1417,9,1252,0.469,svd
1417,10,1027,0.45,svd
1418,1,1014,0.617,svd
1418,2,1097,0.576,svd
1418,3,1099,0.536,svd
1418,4,1009,0.478,svd
1418,5,1013,0.462,svd
1418,6,1012,0.458,svd
1418,7,1092,0.453,svd
1418,8,1057,0.438,svd
1418,9,1112,0.427,svd
1418,10,1028,0.416,svd
1419,1,989,0.202,svd
1419,2,1141,0.177,svd
1419,3,1179,0.174,svd
1419,4,1144,0.16,svd
1419,5,1033,0.156,svd
1419,6,1012,0.151,svd
1419,7,1000,0.15,svd
1419,8,1239,0.149,svd
1419,9,1227,0.149,svd
1419,10,1093,0.147,svd
1420,1,978,0.782,svd
1420,2,969,0.66,svd
1420,3,1023,0.584,svd
1420,4,1142,0.569,svd
1420,5,1143,0.517,svd
1420,6,1198,0.517,svd
1420,7,963,0.494,svd
1420,8,1130,0.474,svd
1420,9,1147,0.472,svd
1420,10,1141,0.466,svd
1421,1,1226,0.599,svd
1421,2,1225,0.5,svd
1421,3,1059,0.483,svd
1421,4,1239,0.47,svd
1421,5,1231,0.458,svd
1421,6,1227,0.453,svd
1421,7,1062,0.452,svd
1421,8,1178,0.448,svd
1421,9,1145,0.429,svd
1421,10,1160,0.426,svd
1422,1,1239,0.673,svd
1422,2,1072,0.651,svd
1422,3,962,0.595,svd
1422,4,996,0.594,svd
1422,5,1150,0.563,svd
1422,6,1159,0.558,svd
1422,7,1209,0.55,svd
1422,8,1074,0.524,svd
1422,9,1172,0.518,svd
1422,10,1151,0.489,svd
1423,1,1079,0.528,svd
1423,2,1087,0.479,svd
1423,3,1084,0.468,svd
1423,4,1081,0.435,svd
1423,5,1015,0.426,svd
1423,6,1172,0.42,svd
1423,7,1077,0.414,svd
1423,8,1002,0.407,svd
1423,9,1169,0.396,svd
1423,10,1050,0.391,svd
1424,1,1014,0.47,svd
1424,2,1174,0.402,svd
1424,3,1057,0.4,svd
1424,4,1096,0.393,svd
1424,5,1011,0.384,svd
1424,6,1089,0.383,svd
1424,7,1179,0.383,svd
1424,8,1012,0.377,svd
1424,9,1097,0.371,svd
1424,10,1129,0.368,svd
1425,1,1000,0.441,svd
1425,2,982,0.429,svd
1425,3,1088,0.417,svd
1425,4,1079,0.345,svd
1425,5,1226,0.344,svd
1425,6,1150,0.337,svd
1425,7,1141,0.336,svd
1425,8,1054,0.328,svd
1425,9,1146,0.326,svd
1425,10,999,0.32,svd
1426,1,1214,0.614,svd
1426,2,1170,0.596,svd
1426,3,1133,0.562,svd
1426,4,959,0.541,svd
1426,5,1134,0.534,svd
1426,6,1188,0.526,svd
1426,7,957,0.521,svd
1426,8,960,0.514,svd
1426,9,1021,0.508,svd
1426,10,1135,0.507,svd
1427,1,1060,0.645,svd
1427,2,974,0.57,svd
1427,3,1221,0.551,svd
1427,4,1218,0.544,svd
1427,5,970,0.532,svd
1427,6,1230,0.525,svd
1427,7,975,0.494,svd
1427,8,1155,0.456,svd
1427,9,1167,0.444,svd
1427,10,1222,0.431,svd
1428,1,1239,0.659,svd
1428,2,988,0.634,svd
1428,3,1043,0.583,svd
1428,4,1243,0.547,svd
1428,5,1155,0.54,svd
1428,6,1032,0.523,svd
1428,7,1171,0.521,svd
1428,8,992,0.518,svd
1428,9,1247,0.515,svd
1428,10,983,0.506,svd
1429,1,1087,0.514,svd
1429,2,1050,0.511,svd
1429,3,1253,0.507,svd
1429,4,1027,0.485,svd
1429,5,1085,0.476,svd
1429,6,1001,0.469,svd
1429,7,1254,0.454,svd
1429,8,993,0.452,svd
1429,9,1002,0.451,svd
1429,10,994,0.447,svd
1430,1,1012,0.675,svd
1430,2,1013,0.629,svd
1430,3,1092,0.6,svd
1430,4,989,0.599,svd
1430,5,1028,0.581,svd
1430,6,1099,0.544,svd
1430,7,1033,0.524,svd
1430,8,1193,0.513,svd
1430,9,1249,0.505,svd
1430,10,1194,0.503,svd
1431,1,1241,0.383,svd
1431,2,1160,0.331,svd
1431,3,1149,0.312,svd
1431,4,1084,0.263,svd
1431,5,1069,0.253,svd
1431,6,1136,0.249,svd
1431,7,1002,0.238,svd
1431,8,1225,0.232,svd
1431,9,992,0.223,svd
1431,10,1151,0.216,svd
1432,1,1210,0.546,svd
1432,2,1016,0.498,svd
1432,3,991,0.473,svd
1432,4,1136,0.465,svd
1432,5,1195,0.46,svd
1432,6,1117,0.451,svd
1432,7,1135,0.445,svd
1432,8,1021,0.44,svd
1432,9,1041,0.439,svd
1432,10,1200,0.429,svd
1433,1,1054,0.535,svd
1433,2,1225,0.519,svd
1433,3,983,0.486,svd
1433,4,1060,0.475,svd
1433,5,1243,0.47,svd
1433,6,1224,0.452,svd
1433,7,1056,0.44,svd
1433,8,1142,0.415,svd
1433,9,1053,0.414,svd
1433,10,1140,0.409,svd
1434,1,1151,0.705,svd
1434,2,1043,0.636,svd
1434,3,981,0.599,svd
1434,4,1235,0.564,svd
1434,5,1076,0.513,svd
1434,6,1237,0.493,svd
1434,7,1152,0.489,svd
1434,8,1075,0.489,svd
1434,9,982,0.479,svd
1434,10,1000,0.471,svd
1435,1,1050,0.629,svd
1435,2,1253,0.586,svd
1435,3,1002,0.585,svd
1435,4,1084,0.567,svd
1435,5,1082,0.537,svd
1435,6,1171,0.523,svd
1435,7,1254,0.5,svd
1435,8,1078,0.491,svd
1435,9,996,0.488,svd
1435,10,1001,0.483,svd
1436,1,1173,0.495,svd
1436,2,1181,0.479,svd
1436,3,1179,0.472,svd
1436,4,1174,0.468,svd
1436,5,1014,0.461,svd
1436,6,1144,0.455,svd
1436,7,1099,0.445,svd
1436,8,1008,0.419,svd
1436,9,1180,0.415,svd
1436,10,1013,0.415,svd
1437,1,1169,0.267,svd
1437,2,1210,0.263,svd
1437,3,1085,0.262,svd
1437,4,1016,0.255,svd
1437,5,1045,0.242,svd
1437,6,1131,0.241,svd
1437,7,1064,0.234,svd
1437,8,1041,0.234,svd
1437,9,1134,0.232,svd
1437,10,996,0.231,svd
1438,1,1041,0.761,svd
1438,2,1044,0.746,svd
1438,3,1198,0.711,svd
1438,4,1135,0.687,svd
1438,5,1059,0.648,svd
1438,6,967,0.634,svd
1438,7,1052,0.611,svd
1438,8,1216,0.56,svd
1438,9,957,0.545,svd
1438,10,1134,0.544,svd
1439,1,1059,0.559,svd
1439,2,1063,0.539,svd
1439,3,975,0.539,svd
1439,4,1218,0.504,svd
1439,5,1240,0.464,svd
1439,6,1083,0.45,svd
1439,7,1148,0.435,svd
1439,8,1073,0.424,svd
1439,9,984,0.422,svd
1439,10,981,0.416,svd
1440,1,1050,0.601,svd
1440,2,1240,0.545,svd
1440,3,1233,0.521,svd
1440,4,1088,0.512,svd
1440,5,1169,0.488,svd
1440,6,983,0.474,svd
1440,7,1162,0.474,svd
1440,8,1083,0.47,svd
1440,9,1085,0.452,svd
1440,10,1160,0.449,svd
1441,1,1169,0.612,svd
1441,2,1153,0.577,svd
1441,3,999,0.559,svd
1441,4,998,0.555,svd
1441,5,1081,0.509,svd
1441,6,1171,0.458,svd
1441,7,1162,0.452,svd
1441,8,1087,0.431,svd
1441,9,1161,0.43,svd
1441,10,1002,0.418,svd
1442,1,1005,0.471,svd
1442,2,1013,0.455,svd
1442,3,1129,0.449,svd
1442,4,1010,0.44,svd
1442,5,1249,0.411,svd
1442,6,1099,0.407,svd
1442,7,1092,0.405,svd
1442,8,1179,0.387,svd
1442,9,1095,0.382,svd
1442,10,1105,0.373,svd
1443,1,984,0.354,svd
1443,2,1076,0.351,svd
1443,3,981,0.342,svd
1443,4,973,0.314,svd
1443,5,1238,0.297,svd
1443,6,1241,0.29,svd
1443,7,1222,0.288,svd
1443,8,992,0.287,svd
1443,9,1167,0.274,svd
1443,10,1069,0.268,svd
1444,1,1066,0.76,svd
1444,2,1133,0.689,svd
1444,3,957,0.667,svd
1444,4,1135,0.635,svd
1444,5,991,0.618,svd
1444,6,1021,0.606,svd
1444,7,1219,0.592,svd
1444,8,1216,0.578,svd
1444,9,1188,0.576,svd
1444,10,1195,0.576,svd
1445,1,972,0.699,svd
1445,2,1138,0.656,svd
1445,3,1093,0.649,svd
1445,4,1051,0.644,svd
1445,5,1055,0.573,svd
1445,6,975,0.563,svd
1445,7,1231,0.553,svd
1445,8,1062,0.535,svd
1445,9,1221,0.518,svd
1445,10,1225,0.513,svd
1446,1,988,0.597,svd
1446,2,1243,0.556,svd
1446,3,1162,0.474,svd
1446,4,1237,0.474,svd
1446,5,1083,0.431,svd
1446,6,982,0.418,svd
1446,7,983,0.404,svd
1446,8,1073,0.403,svd
1446,9,996,0.396,svd
1446,10,1160,0.391,svd
1447,1,1172,0.662,svd
1447,2,1002,0.606,svd
1447,3,1254,0.584,svd
1447,4,1087,0.579,svd
1447,5,1171,0.566,svd
1447,6,1082,0.54,svd
1447,7,971,0.531,svd
1447,8,994,0.52,svd
1447,9,1001,0.519,svd
1447,10,1078,0.518,svd
1448,1,1129,0.631,svd
1448,2,1089,0.565,svd
1448,3,1028,0.563,svd
1448,4,1010,0.557,svd
1448,5,1009,0.545,svd
1448,6,1173,0.545,svd
1448,7,1012,0.529,svd
1448,8,1015,0.504,svd
1448,9,1175,0.5,svd
1448,10,1181,0.487,svd
1449,1,1066,0.245,svd
1449,2,1221,0.244,svd
1449,3,1049,0.235,svd
1449,4,1062,0.228,svd
1449,5,975,0.225,svd
1449,6,1219,0.222,svd
1449,7,969,0.215,svd
1449,8,961,0.215,svd
1449,9,1044,0.213,svd
1449,10,1096,0.204,svd
1450,1,1131,0.578,svd
1450,2,1064,0.573,svd
1450,3,1188,0.536,svd
1450,4,1214,0.528,svd
1450,5,1225,0.502,svd
1450,6,958,0.488,svd
1450,7,1203,0.474,svd
1450,8,1053,0.473,svd
1450,9,960,0.469,svd
1450,10,968,0.465,svd
1451,1,1093,0.665,svd
1451,2,1221,0.638,svd
1451,3,1083,0.601,svd
1451,4,1073,0.597,svd
1451,5,1160,0.577,svd
1451,6,1062,0.553,svd
1451,7,1072,0.549,svd
1451,8,985,0.534,svd
1451,9,983,0.51,svd
1451,10,1234,0.5,svd
1452,1,1083,0.628,svd
1452,2,992,0.579,svd
1452,3,1159,0.542,svd
1452,4,1068,0.515,svd
1452,5,1235,0.511,svd
1452,6,1218,0.503,svd
1452,7,1247,0.494,svd
1452,8,1158,0.484,svd
1452,9,988,0.484,svd
1452,10,1072,0.442,svd
1453,1,1000,0.642,svd
1453,2,998,0.594,svd
1453,3,1036,0.531,svd
1453,4,993,0.528,svd
1453,5,1050,0.522,svd
1453,6,1153,0.486,svd
1453,7,1164,0.471,svd
1453,8,1078,0.462,svd
1453,9,1144,0.446,svd
1453,10,1253,0.446,svd
1454,1,1099,0.428,svd
1454,2,1013,0.405,svd
1454,3,1097,0.398,svd
1454,4,1179,0.367,svd
1454,5,1249,0.363,svd
1454,6,1129,0.361,svd
1454,7,1005,0.35,svd
1454,8,1242,0.35,svd
1454,9,1009,0.337,svd
1454,10,1107,0.329,svd
1455,1,1141,0.197,svd
1455,2,1063,0.181,svd
1455,3,975,0.179,svd
1455,4,977,0.176,svd
1455,5,1033,0.174,svd
1455,6,1178,0.171,svd
1455,7,1093,0.169,svd
1455,8,972,0.166,svd
1455,9,1234,0.16,svd
1455,10,1059,0.156,svd
1456,1,1117,0.615,svd
1456,2,960,0.599,svd
1456,3,961,0.596,svd
1456,4,1230,0.56,svd
1456,5,1128,0.542,svd
1456,6,1041,0.533,svd
1456,7,1248,0.527,svd
1456,8,968,0.524,svd
1456,9,975,0.517,svd
1456,10,1064,0.517,svd
1457,1,1083,0.616,svd
1457,2,1243,0.613,svd
1457,3,1160,0.581,svd
1457,4,1158,0.542,svd
1457,5,1138,0.533,svd
1457,6,1155,0.51,svd
1457,7,1076,0.505,svd
1457,8,1075,0.503,svd
1457,9,1093,0.488,svd
1457,10,987,0.477,svd
1458,1,1164,0.661,svd
1458,2,1158,0.654,svd
1458,3,1235,0.627,svd
1458,4,994,0.608,svd
1458,5,1072,0.602,svd
1458,6,1001,0.501,svd
1458,7,1163,0.483,svd
1458,8,1069,0.453,svd
1458,9,1166,0.445,svd
1458,10,1075,0.435,svd
1459,1,999,0.738,svd
1459,2,998,0.675,svd
1459,3,1079,0.64,svd
1459,4,993,0.611,svd
1459,5,1153,0.57,svd
1459,6,964,0.552,svd
1459,7,1085,0.545,svd
1459,8,1002,0.526,svd
1459,9,989,0.515,svd
1459,10,1164,0.508,svd
1460,1,1014,0.619,svd
1460,2,1129,0.595,svd
1460,3,1013,0.541,svd
1460,4,1175,0.486,svd
1460,5,1012,0.467,svd
1460,6,1028,0.457,svd
1460,7,1182,0.454,svd
1460,8,1107,0.445,svd
1460,9,1092,0.438,svd
1460,10,1180,0.435,svd
1461,1,1241,0.354,svd
1461,2,1015,0.312,svd
1461,3,989,0.301,svd
1461,4,1062,0.274,svd
1461,5,1099,0.267,svd
1461,6,1085,0.255,svd
1461,7,1084,0.253,svd
1461,8,1057,0.251,svd
1461,9,1209,0.247,svd
1461,10,1077,0.245,svd
1462,1,957,0.572,svd
1462,2,966,0.561,svd
1462,3,991,0.519,svd
1462,4,1052,0.472,svd
1462,5,1003,0.458,svd
1462,6,1210,0.455,svd
1462,7,1154,0.451,svd
1462,8,1131,0.447,svd
1462,9,1135,0.443,svd
1462,10,965,0.429,svd
1463,1,1240,0.514,svd
1463,2,1141,0.498,svd
1463,3,1051,0.483,svd
1463,4,1055,0.478,svd
1463,5,982,0.466,svd
1463,6,974,0.462,svd
1463,7,1155,0.46,svd
1463,8,1059,0.442,svd
1463,9,1054,0.44,svd
1463,10,1063,0.44,svd
1464,1,1240,0.562,svd
1464,2,1075,0.515,svd
1464,3,1073,0.514,svd
1464,4,1237,0.49,svd
1464,5,1076,0.486,svd
1464,6,1149,0.483,svd
1464,7,988,0.476,svd
1464,8,1235,0.466,svd
1464,9,1155,0.458,svd
1464,10,990,0.42,svd
1465,1,1000,0.487,svd
1465,2,1169,0.438,svd
1465,3,1081,0.438,svd
1465,4,1084,0.413,svd
1465,5,1079,0.41,svd
1465,6,1002,0.41,svd
1465,7,1036,0.403,svd
1465,8,1253,0.379,svd
1465,9,993,0.368,svd
1465,10,1153,0.365,svd
1466,1,1012,0.606,svd
1466,2,1099,0.561,svd
1466,3,1033,0.551,svd
1466,4,1014,0.539,svd
1466,5,1008,0.525,svd
1466,6,1028,0.515,svd
1466,7,1174,0.507,svd
1466,8,1096,0.49,svd
1466,9,1129,0.462,svd
1466,10,1091,0.446,svd
1467,1,1027,0.31,svd
1467,2,1088,0.256,svd
1467,3,1252,0.229,svd
1467,4,990,0.224,svd
1467,5,984,0.22,svd
1467,6,1050,0.218,svd
1467,7,982,0.215,svd
1467,8,999,0.205,svd
1467,9,994,0.203,svd
1467,10,1180,0.199,svd
1468,1,1003,0.513,svd
1468,2,973,0.487,svd
1468,3,1136,0.465,svd
1468,4,1046,0.448,svd
1468,5,1133,0.446,svd
1468,6,1225,0.415,svd
1468,7,1234,0.408,svd
1468,8,957,0.407,svd
1468,9,1148,0.398,svd
1468,10,1222,0.386,svd
1469,1,1138,0.789,svd
1469,2,1051,0.737,svd
1469,3,1093,0.71,svd
1469,4,1054,0.671,svd
1469,5,1059,0.644,svd
1469,6,980,0.6,svd
1469,7,1146,0.588,svd
1469,8,1231,0.584,svd
1469,9,1142,0.53,svd
1469,10,1224,0.52,svd
1470,1,1233,0.66,svd
1470,2,1159,0.649,svd
1470,3,1240,0.628,svd
1470,4,1083,0.567,svd
1470,5,988,0.567,svd
1470,6,1027,0.559,svd
1470,7,1072,0.507,svd
1470,8,1150,0.505,svd
1470,9,1237,0.503,svd
1470,10,987,0.462,svd
1471,1,1172,0.795,svd
1471,2,993,0.708,svd
1471,3,1077,0.637,svd
1471,4,1079,0.608,svd
1471,5,1254,0.607,svd
1471,6,1001,0.585,svd
1471,7,1087,0.571,svd
1471,8,1002,0.562,svd
1471,9,1252,0.55,svd
1471,10,1169,0.542,svd
1472,1,1012,0.48,svd
1472,2,1174,0.474,svd
1472,3,1006,0.465,svd
1472,4,1008,0.434,svd
1472,5,1015,0.433,svd
1472,6,1242,0.432,svd
1472,7,1236,0.428,svd
1472,8,1014,0.394,svd
1472,9,1144,0.388,svd
1472,10,1185,0.379,svd
1473,1,1239,0.411,svd
1473,2,1032,0.351,svd
1473,3,1237,0.349,svd
1473,4,988,0.329,svd
1473,5,1243,0.328,svd
1473,6,1169,0.325,svd
1473,7,1114,0.315,svd
1473,8,1240,0.292,svd
1473,9,1244,0.279,svd
1473,10,1073,0.276,svd
1474,1,1225,0.46,svd
1474,2,1064,0.454,svd
1474,3,1226,0.438,svd
1474,4,1188,0.42,svd
1474,5,973,0.413,svd
1474,6,1138,0.413,svd
1474,7,1224,0.406,svd
1474,8,1132,0.403,svd
1474,9,1170,0.401,svd
1474,10,966,0.401,svd
1475,1,1060,0.652,svd
1475,2,1139,0.642,svd
1475,3,1054,0.622,svd
1475,4,1093,0.616,svd
1475,5,1168,0.578,svd
1475,6,1146,0.554,svd
1475,7,1222,0.542,svd
1475,8,972,0.531,svd
1475,9,1204,0.524,svd
1475,10,977,0.52,svd
1476,1,1160,0.732,svd
1476,2,990,0.599,svd
1476,3,1151,0.589,svd
1476,4,1155,0.569,svd
1476,5,1209,0.558,svd
1476,6,1158,0.554,svd
1476,7,1240,0.529,svd
1476,8,988,0.509,svd
1476,9,1238,0.502,svd
1476,10,992,0.488,svd
1477,1,1253,0.674,svd
1477,2,999,0.67,svd
1477,3,1082,0.67,svd
1477,4,1254,0.642,svd
1477,5,1169,0.594,svd
1477,6,1078,0.584,svd
1477,7,1088,0.584,svd
1477,8,1001,0.574,svd
1477,9,1153,0.527,svd
1477,10,1027,0.511,svd
1478,1,1033,0.483,svd
1478,2,1011,0.444,svd
1478,3,1097,0.427,svd
1478,4,1129,0.402,svd
1478,5,1015,0.383,svd
1478,6,1179,0.375,svd
1478,7,1089,0.367,svd
1478,8,1005,0.355,svd
1478,9,989,0.343,svd
1478,10,1108,0.338,svd
1479,1,1069,0.432,svd
1479,2,1160,0.377,svd
1479,3,1043,0.361,svd
1479,4,981,0.35,svd
1479,5,1075,0.3,svd
1479,6,1084,0.282,svd
1479,7,990,0.259,svd
1479,8,1151,0.253,svd
1479,9,1002,0.252,svd
1479,10,1077,0.252,svd
1480,1,1154,0.558,svd
1480,2,1141,0.517,svd
1480,3,1225,0.517,svd
1480,4,957,0.503,svd
1480,5,966,0.49,svd
1480,6,1054,0.484,svd
1480,7,1204,0.482,svd
1480,8,1046,0.468,svd
1480,9,1132,0.462,svd
1480,10,1066,0.456,svd
1481,1,1059,0.672,svd
1481,2,977,0.613,svd
1481,3,1023,0.605,svd
1481,4,1063,0.549,svd
1481,5,1221,0.531,svd
1481,6,1145,0.525,svd
1481,7,974,0.491,svd
1481,8,1058,0.475,svd
1481,9,1054,0.473,svd
1481,10,1231,0.455,svd
1482,1,1240,0.689,svd
1482,2,1237,0.607,svd
1482,3,1072,0.559,svd
1482,4,1069,0.552,svd
1482,5,1247,0.498,svd
1482,6,982,0.494,svd
1482,7,1043,0.492,svd
1482,8,1159,0.486,svd
1482,9,1050,0.477,svd
1482,10,1114,0.476,svd
1483,1,1087,0.655,svd
1483,2,998,0.644,svd
1483,3,1172,0.622,svd
1483,4,1036,0.62,svd
1483,5,1251,0.553,svd
1483,6,1078,0.524,svd
1483,7,971,0.498,svd
1483,8,1001,0.484,svd
1483,9,1082,0.478,svd
1483,10,1040,0.455,svd
1484,1,1014,0.486,svd
1484,2,1099,0.474,svd
1484,3,1012,0.455,svd
1484,4,1179,0.453,svd
1484,5,1173,0.434,svd
1484,6,1092,0.422,svd
1484,7,1181,0.421,svd
1484,8,1129,0.394,svd
1484,9,1011,0.391,svd
1484,10,1010,0.38,svd
1485,1,1033,0.208,svd
1485,2,1050,0.197,svd
1485,3,983,0.179,svd
1485,4,1091,0.179,svd
1485,5,1005,0.178,svd
1485,6,1144,0.172,svd
1485,7,1239,0.171,svd
1485,8,1009,0.166,svd
1485,9,1092,0.164,svd
1485,10,989,0.163,svd
1486,1,1049,0.608,svd
1486,2,1044,0.581,svd
1486,3,1215,0.558,svd
1486,4,1135,0.526,svd
1486,5,967,0.511,svd
1486,6,1126,0.497,svd
1486,7,1046,0.486,svd
1486,8,1063,0.483,svd
1486,9,1064,0.463,svd
1486,10,975,0.458,svd
1487,1,1138,0.547,svd
1487,2,1143,0.429,svd
1487,3,1093,0.428,svd
1487,4,1023,0.428,svd
1487,5,1243,0.42,svd
1487,6,969,0.408,svd
1487,7,1150,0.392,svd
1487,8,1238,0.391,svd
1487,9,1003,0.385,svd
1487,10,1148,0.385,svd
1488,1,1243,0.599,svd
1488,2,1233,0.584,svd
1488,3,1237,0.554,svd
1488,4,1162,0.552,svd
1488,5,999,0.544,svd
1488,6,1083,0.527,svd
1488,7,1161,0.506,svd
1488,8,1073,0.492,svd
1488,9,1160,0.474,svd
1488,10,1169,0.462,svd
1489,1,1153,0.62,svd
1489,2,1027,0.54,svd
1489,3,1082,0.519,svd
1489,4,1166,0.514,svd
1489,5,994,0.498,svd
1489,6,1097,0.435,svd
1489,7,1127,0.421,svd
1489,8,1002,0.418,svd
1489,9,1078,0.407,svd
1489,10,1161,0.404,svd
1490,1,1009,0.611,svd
1490,2,1144,0.547,svd
1490,3,1179,0.539,svd
1490,4,1175,0.53,svd
1490,5,1173,0.526,svd
1490,6,1089,0.522,svd
1490,7,1028,0.519,svd
1490,8,1057,0.514,svd
1490,9,1182,0.492,svd
1490,10,1096,0.488,svd
1491,1,1241,0.448,svd
1491,2,1204,0.309,svd
1491,3,1023,0.309,svd
1491,4,1160,0.306,svd
1491,5,1076,0.302,svd
1491,6,1077,0.298,svd
1491,7,1055,0.298,svd
1491,8,1082,0.287,svd
1491,9,1145,0.282,svd
1491,10,1043,0.28,svd
1492,1,1210,0.702,svd
1492,2,1221,0.648,svd
1492,3,1049,0.606,svd
1492,4,1227,0.602,svd
1492,5,975,0.597,svd
1492,6,1178,0.546,svd
1492,7,1135,0.517,svd
1492,8,1228,0.507,svd
1492,9,1147,0.507,svd
1492,10,1136,0.498,svd
1493,1,1141,0.616,svd
1493,2,977,0.61,svd
1493,3,1093,0.596,svd
1493,4,1054,0.591,svd
1493,5,973,0.578,svd
1493,6,1145,0.524,svd
1493,7,980,0.493,svd
1493,8,974,0.492,svd
1493,9,1061,0.485,svd
1493,10,1003,0.482,svd
1494,1,1169,0.71,svd
1494,2,1114,0.619,svd
1494,3,1073,0.597,svd
1494,4,1050,0.578,svd
1494,5,988,0.544,svd
1494,6,1243,0.536,svd
1494,7,1076,0.522,svd
1494,8,1155,0.495,svd
1494,9,984,0.47,svd
1494,10,962,0.467,svd
1495,1,1079,0.454,svd
1495,2,1001,0.441,svd
1495,3,1081,0.44,svd
1495,4,1050,0.434,svd
1495,5,994,0.433,svd
1495,6,1252,0.413,svd
1495,7,982,0.379,svd
1495,8,998,0.378,svd
1495,9,964,0.374,svd
1495,10,1153,0.368,svd
1496,1,1011,0.597,svd
1496,2,1092,0.597,svd
1496,3,1181,0.594,svd
1496,4,1175,0.564,svd
1496,5,1249,0.557,svd
1496,6,1057,0.54,svd
1496,7,1015,0.538,svd
1496,8,1099,0.53,svd
1496,9,1096,0.529,svd
1496,10,1177,0.511,svd
1497,1,1241,0.4,svd
1497,2,1051,0.364,svd
1497,3,1043,0.335,svd
1497,4,974,0.309,svd
1497,5,978,0.306,svd
1497,6,1036,0.302,svd
1497,7,1209,0.291,svd
1497,8,1157,0.278,svd
1497,9,1174,0.275,svd
1497,10,1069,0.275,svd
1498,1,1210,0.622,svd
1498,2,1117,0.533,svd
1498,3,1131,0.526,svd
1498,4,961,0.511,svd
1498,5,1041,0.501,svd
1498,6,1049,0.49,svd
1498,7,1170,0.488,svd
1498,8,1214,0.476,svd
1498,9,1130,0.467,svd
1498,10,1016,0.466,svd
1499,1,1221,0.701,svd
1499,2,980,0.682,svd
1499,3,1141,0.67,svd
1499,4,969,0.649,svd
1499,5,1093,0.633,svd
1499,6,1145,0.631,svd
1499,7,1055,0.621,svd
1499,8,1231,0.566,svd
1499,9,1205,0.545,svd
1499,10,1142,0.502,svd
1500,1,1160,0.654,svd
1500,2,1237,0.546,svd
1500,3,1158,0.542,svd
1500,4,1083,0.523,svd
1500,5,1209,0.513,svd
1500,6,1085,0.465,svd
1500,7,1247,0.458,svd
1500,8,1069,0.456,svd
1500,9,1235,0.446,svd
1500,10,1149,0.439,svd
1501,1,1085,0.648,svd
1501,2,1081,0.55,svd
1501,3,1077,0.534,svd
1501,4,1036,0.51,svd
1501,5,1004,0.496,svd
1501,6,1153,0.496,svd
1501,7,1251,0.494,svd
1501,8,964,0.479,svd
1501,9,1172,0.472,svd
1501,10,971,0.453,svd
1502,1,1013,0.603,svd
1502,2,1092,0.593,svd
1502,3,1179,0.574,svd
1502,4,1180,0.551,svd
1502,5,1173,0.539,svd
1502,6,1129,0.533,svd
1502,7,1010,0.524,svd
1502,8,1008,0.508,svd
1502,9,1015,0.501,svd
1502,10,1005,0.497,svd
1503,1,1055,0.282,svd
1503,2,981,0.25,svd
1503,3,1099,0.235,svd
1503,4,1241,0.235,svd
1503,5,1002,0.232,svd
1503,6,999,0.232,svd
1503,7,1149,0.23,svd
1503,8,1043,0.227,svd
1503,9,1087,0.223,svd
1503,10,1173,0.213,svd
1504,1,1062,0.535,svd
1504,2,1198,0.514,svd
1504,3,1047,0.503,svd
1504,4,1049,0.487,svd
1504,5,1136,0.444,svd
1504,6,963,0.431,svd
1504,7,1141,0.42,svd
1504,8,1046,0.415,svd
1504,9,1044,0.413,svd
1504,10,1117,0.409,svd
1505,1,1138,0.712,svd
1505,2,1059,0.673,svd
1505,3,1239,0.658,svd
1505,4,992,0.623,svd
1505,5,1178,0.619,svd
1505,6,1227,0.609,svd
1505,7,1063,0.603,svd
1505,8,985,0.569,svd
1505,9,1032,0.551,svd
1505,10,1145,0.537,svd
1506,1,988,0.676,svd
1506,2,1239,0.622,svd
1506,3,1237,0.558,svd
1506,4,1241,0.522,svd
1506,5,1247,0.511,svd
1506,6,1233,0.511,svd
1506,7,1244,0.503,svd
1506,8,1152,0.502,svd
1506,9,1076,0.496,svd
1506,10,1072,0.491,svd
1507,1,1050,0.674,svd
1507,2,1079,0.67,svd
1507,3,1169,0.663,svd
1507,4,1036,0.598,svd
1507,5,1002,0.58,svd
1507,6,1253,0.565,svd
1507,7,1086,0.563,svd
1507,8,1027,0.557,svd
1507,9,993,0.539,svd
1507,10,1161,0.535,svd
1508,1,1033,0.548,svd
1508,2,1014,0.529,svd
1508,3,1015,0.492,svd
1508,4,1092,0.487,svd
1508,5,1097,0.482,svd
1508,6,1144,0.463,svd
1508,7,1249,0.458,svd
1508,8,1173,0.441,svd
1508,9,1009,0.434,svd
1508,10,1107,0.431,svd
1509,1,981,0.271,svd
1509,2,1131,0.264,svd
1509,3,978,0.249,svd
1509,4,1060,0.24,svd
1509,5,1076,0.231,svd
1509,6,967,0.225,svd
1509,7,984,0.222,svd
1509,8,1142,0.22,svd
1509,9,990,0.196,svd
1509,10,1244,0.195,svd
1510,1,991,0.562,svd
1510,2,1210,0.526,svd
1510,3,1117,0.525,svd
1510,4,966,0.517,svd
1510,5,1052,0.515,svd
1510,6,1200,0.508,svd
1510,7,1045,0.506,svd
1510,8,1248,0.489,svd
1510,9,959,0.483,svd
1510,10,1214,0.478,svd
1511,1,974,0.668,svd
1511,2,1225,0.637,svd
1511,3,1222,0.568,svd
1511,4,1051,0.563,svd
1511,5,1168,0.555,svd
1511,6,980,0.549,svd
1511,7,1148,0.539,svd
1511,8,1053,0.516,svd
1511,9,1054,0.513,svd
1511,10,1076,0.5,svd
1512,1,988,0.548,svd
1512,2,1160,0.514,svd
1512,3,1161,0.486,svd
1512,4,1158,0.463,svd
1512,5,1162,0.446,svd
1512,6,1243,0.442,svd
1512,7,1240,0.423,svd
1512,8,1075,0.416,svd
1512,9,1247,0.399,svd
1512,10,1209,0.394,svd
1513,1,998,0.536,svd
1513,2,1050,0.435,svd
1513,3,1171,0.42,svd
1513,4,999,0.406,svd
1513,5,1033,0.38,svd
1513,6,1253,0.376,svd
1513,7,1009,0.368,svd
1513,8,993,0.366,svd
1513,9,996,0.35,svd
1513,10,1252,0.345,svd
1514,1,1175,0.519,svd
1514,2,1013,0.518,svd
1514,3,1129,0.504,svd
1514,4,1249,0.496,svd
1514,5,1092,0.465,svd
1514,6,1144,0.46,svd
1514,7,1033,0.452,svd
1514,8,1095,0.451,svd
1514,9,1010,0.447,svd
1514,10,1057,0.417,svd
1515,1,1170,0.264,svd
1515,2,967,0.254,svd
1515,3,959,0.25,svd
1515,4,1210,0.243,svd
1515,5,1203,0.233,svd
1515,6,1215,0.229,svd
1515,7,1130,0.223,svd
1515,8,960,0.222,svd
1515,9,1117,0.221,svd
1515,10,1195,0.216,svd
1516,1,1117,0.647,svd
1516,2,1214,0.599,svd
1516,3,967,0.599,svd
1516,4,991,0.595,svd
1516,5,1198,0.576,svd
1516,6,963,0.575,svd
1516,7,1042,0.548,svd
1516,8,1066,0.523,svd
1516,9,1228,0.518,svd
1516,10,1046,0.514,svd
1517,1,977,0.666,svd
1517,2,1093,0.648,svd
1517,3,1231,0.618,svd
1517,4,1054,0.608,svd
1517,5,1059,0.575,svd
1517,6,1178,0.534,svd
1517,7,1063,0.526,svd
1517,8,1003,0.526,svd
1517,9,1222,0.507,svd
1517,10,1061,0.495,svd
1518,1,1239,0.768,svd
1518,2,1043,0.694,svd
1518,3,988,0.664,svd
1518,4,1237,0.657,svd
1518,5,1158,0.578,svd
1518,6,1149,0.576,svd
1518,7,1032,0.561,svd
1518,8,1161,0.549,svd
1518,9,1247,0.531,svd
1518,10,1084,0.473,svd
1519,1,1000,0.491,svd
1519,2,1085,0.487,svd
1519,3,1172,0.484,svd
1519,4,1050,0.463,svd
1519,5,1169,0.458,svd
1519,6,1015,0.445,svd
1519,7,1077,0.416,svd
1519,8,1253,0.413,svd
1519,9,1002,0.388,svd
1519,10,1084,0.385,svd
1520,1,1012,0.486,svd
1520,2,1015,0.458,svd
1520,3,1242,0.456,svd
1520,4,1096,0.455,svd
1520,5,1008,0.428,svd
1520,6,1013,0.425,svd
1520,7,1028,0.423,svd
1520,8,1194,0.422,svd
1520,9,1144,0.422,svd
1520,10,1175,0.414,svd
1521,1,1169,0.441,svd
1521,2,989,0.405,svd
1521,3,1162,0.355,svd
1521,4,1226,0.325,svd
1521,5,1146,0.325,svd
1521,6,1006,0.313,svd
1521,7,1230,0.298,svd
1521,8,996,0.289,svd
1521,9,1172,0.278,svd
1521,10,1053,0.269,svd
1522,1,1131,0.488,svd
1522,2,1016,0.455,svd
1522,3,1046,0.442,svd
1522,4,1044,0.43,svd
1522,5,1214,0.429,svd
1522,6,1064,0.429,svd
1522,7,1117,0.422,svd
1522,8,1170,0.419,svd
1522,9,1200,0.418,svd
1522,10,1049,0.413,svd
1523,1,1138,0.845,svd
1523,2,1142,0.658,svd
1523,3,1225,0.645,svd
1523,4,975,0.605,svd
1523,5,1168,0.587,svd
1523,6,980,0.581,svd
1523,7,1145,0.58,svd
1523,8,1063,0.576,svd
1523,9,1178,0.564,svd
1523,10,1055,0.55,svd
1524,1,1043,0.68,svd
1524,2,1160,0.679,svd
1524,3,1076,0.674,svd
1524,4,1083,0.611,svd
1524,5,988,0.608,svd
1524,6,1235,0.555,svd
1524,7,1155,0.53,svd
1524,8,1069,0.53,svd
1524,9,1239,0.523,svd
1524,10,982,0.519,svd
1525,1,998,0.624,svd
1525,2,1081,0.538,svd
1525,3,1153,0.533,svd
1525,4,1000,0.515,svd
1525,5,1085,0.503,svd
1525,6,996,0.482,svd
1525,7,1002,0.475,svd
1525,8,1082,0.455,svd
1525,9,964,0.454,svd
1525,10,1087,0.447,svd
1526,1,1014,0.558,svd
1526,2,1033,0.546,svd
1526,3,1092,0.521,svd
1526,4,1015,0.513,svd
1526,5,1181,0.504,svd
1526,6,1144,0.494,svd
1526,7,1097,0.483,svd
1526,8,1173,0.476,svd
1526,9,1011,0.475,svd
1526,10,1057,0.473,svd
1527,1,992,0.335,svd
1527,2,1198,0.309,svd
1527,3,1136,0.304,svd
1527,4,1075,0.288,svd
1527,5,1045,0.282,svd
1527,6,1043,0.252,svd
1527,7,1016,0.246,svd
1527,8,1204,0.234,svd
1527,9,1099,0.232,svd
1527,10,981,0.229,svd
1528,1,967,0.717,svd
1528,2,1064,0.659,svd
1528,3,957,0.647,svd
1528,4,1200,0.634,svd
1528,5,959,0.6,svd
1528,6,1248,0.554,svd
1528,7,1216,0.553,svd
1528,8,1052,0.547,svd
1528,9,1195,0.543,svd
1528,10,1117,0.54,svd
1529,1,974,0.646,svd
1529,2,1138,0.64,svd
1529,3,973,0.634,svd
1529,4,977,0.599,svd
1529,5,1148,0.59,svd
1529,6,1061,0.585,svd
1529,7,992,0.583,svd
1529,8,1051,0.581,svd
1529,9,1150,0.55,svd
1529,10,1053,0.539,svd
1530,1,1158,0.7,svd
1530,2,1237,0.643,svd
1530,3,1243,0.642,svd
1530,4,1032,0.615,svd
1530,5,1247,0.549,svd
1530,6,1114,0.545,svd
1530,7,1073,0.539,svd
1530,8,1161,0.525,svd
1530,9,1076,0.525,svd
1530,10,1068,0.497,svd
1531,1,1081,0.689,svd
1531,2,1000,0.629,svd
1531,3,1088,0.622,svd
1531,4,1082,0.603,svd
1531,5,964,0.578,svd
1531,6,1002,0.568,svd
1531,7,1085,0.537,svd
1531,8,1164,0.525,svd
1531,9,1078,0.516,svd
1531,10,989,0.514,svd
1532,1,1012,0.588,svd
1532,2,1014,0.559,svd
1532,3,1028,0.556,svd
1532,4,989,0.537,svd
1532,5,1015,0.518,svd
1532,6,1181,0.511,svd
1532,7,1057,0.507,svd
1532,8,1103,0.477,svd
1532,9,1112,0.457,svd
1532,10,1107,0.454,svd
1533,1,1239,0.387,svd
1533,2,1160,0.37,svd
1533,3,1085,0.359,svd
1533,4,1161,0.297,svd
1533,5,1237,0.285,svd
1533,6,996,0.278,svd
1533,7,1171,0.269,svd
1533,8,983,0.269,svd
1533,9,1158,0.267,svd
1533,10,1162,0.265,svd
1534,1,1210,0.753,svd
1534,2,1219,0.628,svd
1534,3,967,0.623,svd
1534,4,1044,0.607,svd
1534,5,1049,0.573,svd
1534,6,1215,0.566,svd
1534,7,1133,0.566,svd
1534,8,1066,0.562,svd
1534,9,1200,0.555,svd
1534,10,991,0.549,svd
1535,1,973,0.649,svd
1535,2,992,0.61,svd
1535,3,1145,0.596,svd
1535,4,1055,0.585,svd
1535,5,1059,0.582,svd
1535,6,1241,0.532,svd
1535,7,1138,0.516,svd
1535,8,1054,0.514,svd
1535,9,1141,0.499,svd
1535,10,1222,0.496,svd
1536,1,1043,0.567,svd
1536,2,1160,0.538,svd
1536,3,1241,0.527,svd
1536,4,1083,0.482,svd
1536,5,1069,0.469,svd
1536,6,1075,0.439,svd
1536,7,1068,0.422,svd
1536,8,1002,0.421,svd
1536,9,1237,0.411,svd
1536,10,1240,0.405,svd
1537,1,1169,0.586,svd
1537,2,998,0.559,svd
1537,3,1153,0.469,svd
1537,4,1085,0.465,svd
1537,5,964,0.452,svd
1537,6,1015,0.449,svd
1537,7,1172,0.444,svd
1537,8,1175,0.437,svd
1537,9,1050,0.425,svd
1537,10,1087,0.417,svd
1538,1,1033,0.409,svd
1538,2,1013,0.393,svd
1538,3,1014,0.355,svd
1538,4,1011,0.351,svd
1538,5,1009,0.334,svd
1538,6,1010,0.325,svd
1538,7,1129,0.316,svd
1538,8,1099,0.298,svd
1538,9,1181,0.293,svd
1538,10,1249,0.292,svd
1539,1,1169,0.289,svd
1539,2,1033,0.234,svd
1539,3,1171,0.215,svd
1539,4,1009,0.212,svd
1539,5,1050,0.209,svd
1539,6,1063,0.207,svd
1539,7,1221,0.205,svd
1539,8,1097,0.205,svd
1539,9,983,0.201,svd
1539,10,1177,0.197,svd
1540,1,1219,0.644,svd
1540,2,1044,0.584,svd
1540,3,1131,0.522,svd
1540,4,1130,0.491,svd
1540,5,960,0.488,svd
1540,6,1066,0.466,svd
1540,7,1133,0.451,svd
1540,8,1128,0.446,svd
1540,9,1042,0.424,svd
1540,10,1200,0.423,svd
1541,1,1051,0.668,svd
1541,2,1225,0.562,svd
1541,3,1149,0.528,svd
1541,4,980,0.526,svd
1541,5,1158,0.519,svd
1541,6,1058,0.504,svd
1541,7,985,0.48,svd
1541,8,1233,0.446,svd
1541,9,973,0.441,svd
1541,10,1083,0.44,svd
1542,1,1237,0.568,svd
1542,2,1169,0.559,svd
1542,3,1243,0.51,svd
1542,4,1072,0.504,svd
1542,5,1043,0.504,svd
1542,6,1083,0.487,svd
1542,7,1075,0.482,svd
1542,8,996,0.459,svd
1542,9,1084,0.423,svd
1542,10,1171,0.41,svd
1543,1,1081,0.667,svd
1543,2,1000,0.645,svd
1543,3,1251,0.591,svd
1543,4,1084,0.582,svd
1543,5,999,0.567,svd
1543,6,1254,0.549,svd
1543,7,1162,0.548,svd
1543,8,1078,0.524,svd
1543,9,1086,0.518,svd
1543,10,1001,0.518,svd
1544,1,1014,0.591,svd
1544,2,1015,0.58,svd
1544,3,1012,0.53,svd
1544,4,1095,0.51,svd
1544,5,1129,0.505,svd
1544,6,1013,0.498,svd
1544,7,1057,0.494,svd
1544,8,1011,0.491,svd
1544,9,1010,0.481,svd
1544,10,989,0.479,svd
1545,1,1043,0.254,svd
1545,2,1161,0.242,svd
1545,3,981,0.227,svd
1545,4,978,0.215,svd
1545,5,1158,0.203,svd
1545,6,1055,0.199,svd
1545,7,1076,0.197,svd
1545,8,988,0.196,svd
1545,9,1175,0.192,svd
1545,10,1002,0.191,svd
1546,1,1210,0.793,svd
1546,2,1219,0.686,svd
1546,3,967,0.639,svd
1546,4,1221,0.603,svd
1546,5,1062,0.588,svd
1546,6,991,0.55,svd
1546,7,1046,0.538,svd
1546,8,1130,0.529,svd
1546,9,1047,0.527,svd
1546,10,1021,0.523,svd
1547,1,974,0.569,svd
1547,2,1139,0.567,svd
1547,3,1051,0.542,svd
1547,4,1225,0.534,svd
1547,5,977,0.514,svd
1547,6,972,0.508,svd
1547,7,1093,0.484,svd
1547,8,1218,0.469,svd
1547,9,1061,0.468,svd
1547,10,1168,0.458,svd
1548,1,992,0.521,svd
1548,2,1083,0.5,svd
1548,3,1076,0.484,svd
1548,4,1239,0.453,svd
1548,5,1240,0.443,svd
1548,6,990,0.431,svd
1548,7,1002,0.406,svd
1548,8,981,0.401,svd
1548,9,993,0.373,svd
1548,10,984,0.371,svd
1549,1,1084,0.565,svd
1549,2,1002,0.561,svd
1549,3,998,0.551,svd
1549,4,1172,0.521,svd
1549,5,1161,0.495,svd
1549,6,1079,0.448,svd
1549,7,1162,0.443,svd
1549,8,1004,0.438,svd
1549,9,1251,0.437,svd
1549,10,999,0.435,svd
1550,1,1092,0.564,svd
1550,2,1014,0.561,svd
1550,3,1249,0.518,svd
1550,4,1012,0.514,svd
1550,5,1179,0.506,svd
1550,6,1091,0.492,svd
1550,7,1057,0.485,svd
1550,8,1127,0.482,svd
1550,9,1105,0.476,svd
1550,10,1028,0.457,svd
1551,1,1072,0.377,svd
1551,2,1032,0.356,svd
1551,3,1233,0.346,svd
1551,4,983,0.338,svd
1551,5,982,0.314,svd
1551,6,1250,0.311,svd
1551,7,975,0.309,svd
1551,8,1239,0.306,svd
1551,9,1221,0.3,svd
1551,10,1150,0.3,svd
1552,1,1221,0.589,svd
1552,2,1049,0.557,svd
1552,3,1044,0.549,svd
1552,4,978,0.545,svd
1552,5,975,0.537,svd
1552,6,1066,0.529,svd
1552,7,1215,0.516,svd
1552,8,967,0.513,svd
1552,9,1055,0.506,svd
1552,10,1131,0.495,svd
1553,1,1003,0.621,svd
1553,2,977,0.574,svd
1553,3,1226,0.568,svd
1553,4,980,0.564,svd
1553,5,1061,0.557,svd
1553,6,1154,0.555,svd
1553,7,1224,0.551,svd
1553,8,992,0.547,svd
1553,9,1058,0.538,svd
1553,10,1241,0.521,svd
1554,1,1069,0.714,svd
1554,2,1150,0.631,svd
1554,3,1083,0.606,svd
1554,4,1084,0.586,svd
1554,5,988,0.569,svd
1554,6,1155,0.563,svd
1554,7,1247,0.532,svd
1554,8,1233,0.511,svd
1554,9,1077,0.46,svd
1554,10,1002,0.454,svd
1555,1,1172,0.497,svd
1555,2,1050,0.444,svd
1555,3,1081,0.427,svd
1555,4,1144,0.406,svd
1555,5,964,0.403,svd
1555,6,1079,0.397,svd
1555,7,1001,0.39,svd
1555,8,994,0.379,svd
1555,9,989,0.361,svd
1555,10,1077,0.361,svd
1556,1,1144,0.458,svd
1556,2,1180,0.438,svd
1556,3,1010,0.426,svd
1556,4,1194,0.394,svd
1556,5,1011,0.386,svd
1556,6,1107,0.381,svd
1556,7,1014,0.374,svd
1556,8,1099,0.374,svd
1556,9,1009,0.374,svd
1556,10,1236,0.366,svd
1557,1,999,0.336,svd
1557,2,1027,0.334,svd
1557,3,993,0.276,svd
1557,4,1252,0.268,svd
1557,5,994,0.248,svd
1557,6,1050,0.244,svd
1557,7,964,0.237,svd
1557,8,1081,0.234,svd
1557,9,1221,0.215,svd
1557,10,1087,0.199,svd
1558,1,1016,0.65,svd
1558,2,1170,0.599,svd
1558,3,1046,0.543,svd
1558,4,1045,0.537,svd
1558,5,1064,0.534,svd
1558,6,967,0.52,svd
1558,7,1210,0.5,svd
1558,8,1136,0.469,svd
1558,9,968,0.458,svd
1558,10,1217,0.447,svd
1559,1,1138,0.612,svd
1559,2,1145,0.546,svd
1559,3,1222,0.531,svd
1559,4,1023,0.529,svd
1559,5,977,0.507,svd
1559,6,1061,0.497,svd
1559,7,1053,0.478,svd
1559,8,1139,0.477,svd
1559,9,1146,0.461,svd
1559,10,1058,0.455,svd
1560,1,1069,0.625,svd
1560,2,1150,0.619,svd
1560,3,1240,0.602,svd
1560,4,1088,0.587,svd
1560,5,1235,0.581,svd
1560,6,981,0.575,svd
1560,7,1043,0.504,svd
1560,8,1163,0.494,svd
1560,9,984,0.493,svd
1560,10,1238,0.468,svd
1561,1,1172,0.533,svd
1561,2,1050,0.499,svd
1561,3,1079,0.474,svd
1561,4,1081,0.47,svd
1561,5,1253,0.433,svd
1561,6,1001,0.411,svd
1561,7,1084,0.4,svd
1561,8,994,0.398,svd
1561,9,1002,0.398,svd
1561,10,964,0.391,svd
1562,1,1015,0.545,svd
1562,2,1179,0.531,svd
1562,3,1013,0.509,svd
1562,4,1010,0.499,svd
1562,5,1006,0.465,svd
1562,6,1008,0.453,svd
1562,7,1011,0.452,svd
1562,8,1174,0.444,svd
1562,9,1180,0.432,svd
1562,10,1129,0.427,svd
1563,1,1250,0.306,svd
1563,2,1032,0.302,svd
1563,3,1237,0.299,svd
1563,4,1160,0.295,svd
1563,5,1169,0.293,svd
1563,6,1158,0.291,svd
1563,7,1244,0.288,svd
1563,8,1114,0.287,svd
1563,9,1138,0.266,svd
1563,10,1072,0.25,svd
1564,1,1215,0.541,svd
1564,2,1219,0.528,svd
1564,3,1130,0.512,svd
1564,4,1214,0.51,svd
1564,5,1016,0.505,svd
1564,6,1041,0.489,svd
1564,7,1200,0.475,svd
1564,8,1049,0.474,svd
1564,9,1046,0.467,svd
1564,10,1230,0.462,svd
1565,1,1204,0.759,svd
1565,2,980,0.755,svd
1565,3,1060,0.744,svd
1565,4,1142,0.723,svd
1565,5,1145,0.706,svd
1565,6,977,0.665,svd
1565,7,978,0.626,svd
1565,8,1167,0.598,svd
1565,9,1093,0.533,svd
1565,10,1154,0.519,svd
1566,1,981,0.579,svd
1566,2,1002,0.419,svd
1566,3,990,0.411,svd
1566,4,1252,0.393,svd
1566,5,1157,0.389,svd
1566,6,1055,0.385,svd
1566,7,1163,0.379,svd
1566,8,1077,0.371,svd
1566,9,1151,0.358,svd
1566,10,1087,0.352,svd
1567,1,1085,0.789,svd
1567,2,1081,0.711,svd
1567,3,1004,0.67,svd
1567,4,1172,0.637,svd
1567,5,964,0.595,svd
1567,6,1253,0.583,svd
1567,7,1015,0.575,svd
1567,8,999,0.562,svd
1567,9,1254,0.54,svd
1567,10,1095,0.517,svd
1568,1,1015,0.63,svd
1568,2,1014,0.629,svd
1568,3,1179,0.614,svd
1568,4,1006,0.583,svd
1568,5,1013,0.56,svd
1568,6,1242,0.558,svd
1568,7,1008,0.521,svd
1568,8,1010,0.499,svd
1568,9,1144,0.496,svd
1568,10,1033,0.491,svd
1569,1,1066,0.38,svd
1569,2,1195,0.374,svd
1569,3,1032,0.352,svd
1569,4,1072,0.331,svd
1569,5,1041,0.327,svd
1569,6,1044,0.319,svd
1569,7,1209,0.314,svd
1569,8,1069,0.299,svd
1569,9,1160,0.294,svd
1569,10,1047,0.292,svd
1570,1,1049,0.642,svd
1570,2,1221,0.635,svd
1570,3,1044,0.61,svd
1570,4,961,0.595,svd
1570,5,1047,0.594,svd
1570,6,1117,0.57,svd
1570,7,991,0.569,svd
1570,8,1136,0.563,svd
1570,9,1214,0.528,svd
1570,10,1016,0.527,svd
1571,1,1142,0.763,svd
1571,2,973,0.683,svd
1571,3,1054,0.638,svd
1571,4,1051,0.625,svd
1571,5,1243,0.586,svd
1571,6,977,0.552,svd
1571,7,981,0.543,svd
1571,8,1053,0.536,svd
1571,9,1154,0.505,svd
1571,10,1148,0.501,svd
1572,1,1158,0.549,svd
1572,2,1076,0.522,svd
1572,3,1237,0.506,svd
1572,4,1068,0.5,svd
1572,5,999,0.488,svd
1572,6,1238,0.487,svd
1572,7,1235,0.464,svd
1572,8,1150,0.454,svd
1572,9,1000,0.447,svd
1572,10,1160,0.446,svd
1573,1,1084,0.614,svd
1573,2,964,0.57,svd
1573,3,1081,0.557,svd
1573,4,1077,0.547,svd
1573,5,1050,0.537,svd
1573,6,1253,0.506,svd
1573,7,1153,0.491,svd
1573,8,971,0.471,svd
1573,9,1015,0.462,svd
1573,10,1254,0.455,svd
1574,1,1009,0.517,svd
1574,2,1015,0.509,svd
1574,3,1249,0.481,svd
1574,4,1179,0.477,svd
1574,5,1096,0.473,svd
1574,6,1181,0.47,svd
1574,7,1011,0.466,svd
1574,8,1028,0.463,svd
1574,9,1010,0.446,svd
1574,10,1099,0.425,svd
1575,1,1131,0.297,svd
1575,2,1016,0.29,svd
1575,3,1045,0.27,svd
1575,4,959,0.262,svd
1575,5,1188,0.259,svd
1575,6,1210,0.257,svd
1575,7,1203,0.249,svd
1575,8,1130,0.246,svd
1575,9,1200,0.241,svd
1575,10,957,0.24,svd
1576,1,1195,0.815,svd
1576,2,978,0.715,svd
1576,3,1130,0.707,svd
1576,4,1217,0.671,svd
1576,5,1016,0.666,svd
1576,6,1128,0.626,svd
1576,7,1170,0.624,svd
1576,8,1133,0.615,svd
1576,9,1064,0.605,svd
1576,10,1135,0.594,svd
1577,1,1063,0.652,svd
1577,2,1138,0.564,svd
1577,3,1243,0.522,svd
1577,4,973,0.46,svd
1577,5,1167,0.457,svd
1577,6,1234,0.457,svd
1577,7,1023,0.455,svd
1577,8,1140,0.45,svd
1577,9,1148,0.438,svd
1577,10,1143,0.436,svd
1578,1,1160,0.746,svd
1578,2,1075,0.594,svd
1578,3,1218,0.591,svd
1578,4,1083,0.574,svd
1578,5,1073,0.542,svd
1578,6,1162,0.535,svd
1578,7,1155,0.533,svd
1578,8,1072,0.526,svd
1578,9,1149,0.499,svd
1578,10,1240,0.49,svd
1579,1,1172,0.653,svd
1579,2,999,0.63,svd
1579,3,1153,0.627,svd
1579,4,1095,0.558,svd
1579,5,1085,0.543,svd
1579,6,1078,0.532,svd
1579,7,1161,0.531,svd
1579,8,1254,0.521,svd
1579,9,996,0.507,svd
1579,10,1171,0.501,svd
1580,1,1012,0.69,svd
1580,2,1013,0.688,svd
1580,3,1179,0.674,svd
1580,4,1175,0.603,svd
1580,5,1057,0.6,svd
1580,6,1096,0.581,svd
1580,7,1009,0.578,svd
1580,8,1174,0.563,svd
1580,9,1107,0.516,svd
1580,10,1127,0.498,svd
1581,1,1084,0.429,svd
1581,2,1085,0.386,svd
1581,3,1062,0.358,svd
1581,4,1209,0.357,svd
1581,5,973,0.353,svd
1581,6,1002,0.33,svd
1581,7,1161,0.326,svd
1581,8,1077,0.316,svd
1581,9,981,0.311,svd
1581,10,1151,0.31,svd
1582,1,973,0.612,svd
1582,2,1059,0.49,svd
1582,3,1219,0.485,svd
1582,4,1195,0.469,svd
1582,5,1064,0.46,svd
1582,6,1046,0.456,svd
1582,7,967,0.454,svd
1582,8,1063,0.438,svd
1582,9,1141,0.436,svd
1582,10,1204,0.436,svd
1583,1,977,0.645,svd
1583,2,1063,0.628,svd
1583,3,1059,0.536,svd
1583,4,1227,0.527,svd
1583,5,1054,0.517,svd
1583,6,1138,0.509,svd
1583,7,1168,0.491,svd
1583,8,983,0.471,svd
1583,9,1023,0.463,svd
1583,10,1230,0.441,svd
1584,1,1160,0.685,svd
1584,2,1239,0.683,svd
1584,3,1240,0.608,svd
1584,4,1072,0.59,svd
1584,5,1083,0.565,svd
1584,6,1073,0.547,svd
1584,7,1149,0.53,svd
1584,8,1151,0.507,svd
1584,9,1085,0.476,svd
1584,10,981,0.45,svd
1585,1,998,0.683,svd
1585,2,1077,0.662,svd
1585,3,999,0.616,svd
1585,4,1002,0.602,svd
1585,5,1079,0.583,svd
1585,6,1253,0.531,svd
1585,7,1169,0.517,svd
1585,8,1086,0.502,svd
1585,9,1153,0.479,svd
1585,10,995,0.475,svd
1586,1,1014,0.458,svd
1586,2,1095,0.428,svd
1586,3,1012,0.394,svd
1586,4,1028,0.392,svd
1586,5,1015,0.38,svd
1586,6,1173,0.368,svd
1586,7,1181,0.365,svd
1586,8,1013,0.365,svd
1586,9,1179,0.365,svd
1586,10,1112,0.359,svd
1587,1,1000,0.266,svd
1587,2,1150,0.265,svd
1587,3,1149,0.263,svd
1587,4,1241,0.256,svd
1587,5,980,0.243,svd
1587,6,989,0.242,svd
1587,7,969,0.235,svd
1587,8,1204,0.232,svd
1587,9,1226,0.23,svd
1587,10,1174,0.23,svd
1588,1,1016,0.628,svd
1588,2,1170,0.625,svd
1588,3,957,0.612,svd
1588,4,1188,0.594,svd
1588,5,1131,0.567,svd
1588,6,1136,0.564,svd
1588,7,1200,0.548,svd
1588,8,1132,0.543,svd
1588,9,1214,0.524,svd
1588,10,1066,0.511,svd
1589,1,1138,0.763,svd
1589,2,1222,0.549,svd
1589,3,1148,0.534,svd
1589,4,1230,0.533,svd
1589,5,1003,0.532,svd
1589,6,1139,0.532,svd
1589,7,1141,0.513,svd
1589,8,1204,0.492,svd
1589,9,1142,0.492,svd
1589,10,1226,0.488,svd
1590,1,1160,0.822,svd
1590,2,1032,0.617,svd
1590,3,1114,0.551,svd
1590,4,1250,0.524,svd
1590,5,1159,0.484,svd
1590,6,1247,0.459,svd
1590,7,1244,0.453,svd
1590,8,990,0.451,svd
1590,9,1076,0.45,svd
1590,10,1169,0.447,svd
1591,1,1050,0.542,svd
1591,2,964,0.536,svd
1591,3,1005,0.53,svd
1591,4,1002,0.526,svd
1591,5,1082,0.519,svd
1591,6,996,0.511,svd
1591,7,1085,0.489,svd
1591,8,1004,0.489,svd
1591,9,994,0.467,svd
1591,10,1161,0.458,svd
1592,1,1012,0.468,svd
1592,2,1011,0.464,svd
1592,3,1010,0.457,svd
1592,4,1099,0.454,svd
1592,5,1097,0.453,svd
1592,6,1144,0.437,svd
1592,7,1005,0.436,svd
1592,8,1028,0.435,svd
1592,9,1249,0.421,svd
1592,10,1015,0.421,svd
1593,1,982,0.461,svd
1593,2,1172,0.438,svd
1593,3,1079,0.37,svd
1593,4,1233,0.369,svd
1593,5,1068,0.359,svd
1593,6,1164,0.35,svd
1593,7,1168,0.348,svd
1593,8,975,0.346,svd
1593,9,993,0.337,svd
1593,10,1001,0.335,svd
1594,1,1170,0.558,svd
1594,2,1210,0.515,svd
1594,3,1133,0.507,svd
1594,4,1064,0.498,svd
1594,5,1046,0.49,svd
1594,6,1132,0.485,svd
1594,7,966,0.471,svd
1594,8,1225,0.46,svd
1594,9,973,0.442,svd
1594,10,1136,0.442,svd
1595,1,1225,0.564,svd
1595,2,1055,0.552,svd
1595,3,1054,0.552,svd
1595,4,1141,0.526,svd
1595,5,975,0.482,svd
1595,6,1053,0.48,svd
1595,7,1058,0.474,svd
1595,8,1139,0.463,svd
1595,9,1145,0.458,svd
1595,10,1143,0.454,svd
1596,1,1160,0.578,svd
1596,2,1076,0.556,svd
1596,3,1233,0.504,svd
1596,4,984,0.496,svd
1596,5,1050,0.489,svd
1596,6,1088,0.482,svd
1596,7,1159,0.481,svd
1596,8,1155,0.473,svd
1596,9,981,0.464,svd
1596,10,1027,0.463,svd
1597,1,1172,0.688,svd
1597,2,1081,0.674,svd
1597,3,1050,0.657,svd
1597,4,1084,0.644,svd
1597,5,964,0.622,svd
1597,6,1082,0.603,svd
1597,7,1153,0.574,svd
1597,8,999,0.57,svd
1597,9,1086,0.502,svd
1597,10,971,0.49,svd
1598,1,989,0.536,svd
1598,2,1099,0.499,svd
1598,3,1181,0.47,svd
1598,4,1033,0.464,svd
1598,5,1180,0.458,svd
1598,6,1175,0.454,svd
1598,7,1008,0.442,svd
1598,8,1011,0.44,svd
1598,9,1028,0.434,svd
1598,10,1006,0.433,svd
1599,1,1169,0.262,svd
1599,2,1027,0.259,svd
1599,3,996,0.255,svd
1599,4,999,0.25,svd
1599,5,1055,0.246,svd
1599,6,1004,0.243,svd
1599,7,1043,0.238,svd
1599,8,1084,0.235,svd
1599,9,1161,0.23,svd
1599,10,1068,0.225,svd
1600,1,961,0.776,svd
1600,2,1198,0.663,svd
1600,3,978,0.612,svd
1600,4,1135,0.592,svd
1600,5,1178,0.586,svd
1600,6,1228,0.583,svd
1600,7,1227,0.583,svd
1600,8,1128,0.582,svd
1600,9,967,0.527,svd
1600,10,1147,0.522,svd
1601,1,992,0.627,svd
1601,2,1155,0.623,svd
1601,3,974,0.565,svd
1601,4,1238,0.549,svd
1601,5,1143,0.536,svd
1601,6,972,0.523,svd
1601,7,1059,0.516,svd
1601,8,1222,0.5,svd
1601,9,1198,0.486,svd
1601,10,1043,0.474,svd
1602,1,1161,0.712,svd
1602,2,1084,0.612,svd
1602,3,1239,0.605,svd
1602,4,1241,0.501,svd
1602,5,996,0.495,svd
1602,6,1244,0.486,svd
1602,7,1086,0.471,svd
1602,8,1077,0.421,svd
1602,9,1072,0.41,svd
1602,10,1171,0.409,svd
1603,1,1169,0.402,svd
1603,2,998,0.4,svd
1603,3,1172,0.386,svd
1603,4,1175,0.348,svd
1603,5,1081,0.343,svd
1603,6,1015,0.337,svd
1603,7,1009,0.331,svd
1603,8,1129,0.326,svd
1603,9,1095,0.322,svd
1603,10,989,0.316,svd
1604,1,1009,0.569,svd
1604,2,1010,0.559,svd
1604,3,1097,0.553,svd
1604,4,989,0.542,svd
1604,5,1173,0.541,svd
1604,6,1127,0.532,svd
1604,7,1249,0.526,svd
1604,8,1096,0.511,svd
1604,9,1099,0.503,svd
1604,10,1242,0.489,svd
1605,1,1239,0.396,svd
1605,2,1209,0.385,svd
1605,3,1043,0.351,svd
1605,4,1151,0.347,svd
1605,5,988,0.341,svd
1605,6,1083,0.316,svd
1605,7,1075,0.312,svd
1605,8,1152,0.309,svd
1605,9,1157,0.309,svd
1605,10,1237,0.305,svd
1606,1,1041,0.615,svd
1606,2,1066,0.586,svd
1606,3,1049,0.529,svd
1606,4,1198,0.521,svd
1606,5,1188,0.498,svd
1606,6,1133,0.477,svd
1606,7,1131,0.466,svd
1606,8,1214,0.453,svd
1606,9,1117,0.45,svd
1606,10,958,0.45,svd
1607,1,969,0.8,svd
1607,2,974,0.679,svd
1607,3,1062,0.66,svd
1607,4,1054,0.617,svd
1607,5,1227,0.582,svd
1607,6,1142,0.545,svd
1607,7,1139,0.531,svd
1607,8,1155,0.487,svd
1607,9,1231,0.486,svd
1607,10,1147,0.48,svd
1608,1,1160,0.466,svd
1608,2,1043,0.431,svd
1608,3,1076,0.414,svd
1608,4,1069,0.411,svd
1608,5,1083,0.377,svd
1608,6,1084,0.37,svd
1608,7,1075,0.358,svd
1608,8,990,0.344,svd
1608,9,1085,0.336,svd
1608,10,1151,0.329,svd
1609,1,1088,0.683,svd
1609,2,993,0.607,svd
1609,3,1253,0.575,svd
1609,4,964,0.558,svd
1609,5,1002,0.55,svd
1609,6,1169,0.527,svd
1609,7,1254,0.526,svd
1609,8,996,0.516,svd
1609,9,1078,0.497,svd
1609,10,989,0.496,svd
1610,1,1096,0.596,svd
1610,2,1089,0.585,svd
1610,3,1242,0.564,svd
1610,4,1057,0.547,svd
1610,5,1010,0.541,svd
1610,6,1033,0.526,svd
1610,7,1009,0.509,svd
1610,8,1008,0.503,svd
1610,9,1028,0.486,svd
1610,10,1127,0.471,svd
1611,1,1075,0.219,svd
1611,2,1160,0.212,svd
1611,3,1016,0.205,svd
1611,4,992,0.204,svd
1611,5,990,0.198,svd
1611,6,984,0.196,svd
1611,7,1170,0.192,svd
1611,8,1076,0.191,svd
1611,9,1133,0.182,svd
1611,10,1210,0.178,svd
1612,1,1195,0.621,svd
1612,2,1046,0.603,svd
1612,3,1064,0.595,svd
1612,4,1117,0.594,svd
1612,5,1044,0.573,svd
1612,6,1065,0.547,svd
1612,7,1021,0.546,svd
1612,8,1200,0.542,svd
1612,9,1198,0.523,svd
1612,10,961,0.506,svd
1613,1,972,0.727,svd
1613,2,1059,0.702,svd
1613,3,1003,0.565,svd
1613,4,1148,0.532,svd
1613,5,1234,0.524,svd
1613,6,1058,0.514,svd
1613,7,1054,0.504,svd
1613,8,975,0.496,svd
1613,9,969,0.491,svd
1613,10,1062,0.491,svd
1614,1,1079,0.529,svd
1614,2,1233,0.509,svd
1614,3,1087,0.507,svd
1614,4,1158,0.499,svd
1614,5,993,0.491,svd
1614,6,1068,0.481,svd
1614,7,1076,0.456,svd
1614,8,994,0.454,svd
1614,9,1001,0.446,svd
1614,10,990,0.443,svd
1615,1,1172,0.605,svd
1615,2,999,0.586,svd
1615,3,1027,0.552,svd
1615,4,998,0.53,svd
1615,5,994,0.479,svd
1615,6,1253,0.468,svd
1615,7,1162,0.455,svd
1615,8,1088,0.439,svd
1615,9,1085,0.43,svd
1615,10,1002,0.43,svd
1616,1,1011,0.44,svd
1616,2,1014,0.427,svd
1616,3,1013,0.405,svd
1616,4,1010,0.39,svd
1616,5,1015,0.376,svd
1616,6,1127,0.371,svd
1616,7,1092,0.34,svd
1616,8,1091,0.334,svd
1616,9,1107,0.334,svd
1616,10,1105,0.332,svd
1617,1,1144,0.279,svd
1617,2,989,0.276,svd
1617,3,1092,0.271,svd
1617,4,1179,0.257,svd
1617,5,1012,0.253,svd
1617,6,1013,0.24,svd
1617,7,1033,0.226,svd
1617,8,1174,0.223,svd
1617,9,1194,0.216,svd
1617,10,1014,0.203,svd
1618,1,1016,0.664,svd
1618,2,973,0.586,svd
1618,3,959,0.585,svd
1618,4,1064,0.552,svd
1618,5,1131,0.527,svd
1618,6,960,0.525,svd
1618,7,957,0.513,svd
1618,8,1021,0.512,svd
1618,9,1007,0.511,svd
1618,10,1214,0.508,svd
1619,1,974,0.508,svd
1619,2,1138,0.489,svd
1619,3,973,0.462,svd
1619,4,1061,0.436,svd
1619,5,1054,0.429,svd
1619,6,1053,0.419,svd
1619,7,980,0.408,svd
1619,8,1145,0.399,svd
1619,9,1139,0.392,svd
1619,10,1068,0.389,svd
1620,1,1240,0.645,svd
1620,2,1073,0.602,svd
1620,3,1072,0.596,svd
1620,4,1244,0.583,svd
1620,5,1155,0.579,svd
1620,6,990,0.554,svd
1620,7,1209,0.544,svd
1620,8,1161,0.532,svd
1620,9,983,0.519,svd
1620,10,962,0.491,svd
1621,1,1081,0.618,svd
1621,2,1087,0.61,svd
1621,3,1169,0.61,svd
1621,4,1172,0.603,svd
1621,5,1000,0.575,svd
1621,6,1077,0.564,svd
1621,7,1086,0.553,svd
1621,8,1050,0.551,svd
1621,9,996,0.539,svd
1621,10,1004,0.537,svd
1622,1,1092,0.526,svd
1622,2,1015,0.475,svd
1622,3,1014,0.466,svd
1622,4,1249,0.444,svd
1622,5,1173,0.439,svd
1622,6,1179,0.431,svd
1622,7,1105,0.413,svd
1622,8,1009,0.407,svd
1622,9,1180,0.404,svd
1622,10,1089,0.402,svd
1623,1,1170,0.317,svd
1623,2,1138,0.316,svd
1623,3,966,0.289,svd
1623,4,959,0.272,svd
1623,5,1230,0.265,svd
1623,6,1188,0.262,svd
1623,7,1133,0.253,svd
1623,8,1016,0.229,svd
1623,9,1253,0.227,svd
1623,10,1248,0.223,svd
1624,1,1210,0.592,svd
1624,2,967,0.529,svd
1624,3,1066,0.511,svd
1624,4,1062,0.489,svd
1624,5,1041,0.487,svd
1624,6,1219,0.484,svd
1624,7,991,0.463,svd
1624,8,1215,0.462,svd
1624,9,1064,0.462,svd
1624,10,1047,0.461,svd
1625,1,977,0.759,svd
1625,2,980,0.688,svd
1625,3,1141,0.644,svd
1625,4,1221,0.623,svd
1625,5,1227,0.608,svd
1625,6,1241,0.564,svd
1625,7,1178,0.56,svd
1625,8,1234,0.516,svd
1625,9,1075,0.469,svd
1625,10,1143,0.464,svd
1626,1,1239,0.754,svd
1626,2,1158,0.7,svd
1626,3,1155,0.673,svd
1626,4,990,0.625,svd
1626,5,1247,0.62,svd
1626,6,992,0.59,svd
1626,7,1240,0.587,svd
1626,8,1073,0.581,svd
1626,9,1152,0.552,svd
1626,10,1072,0.494,svd
1627,1,1253,0.523,svd
1627,2,1171,0.458,svd
1627,3,1172,0.446,svd
1627,4,1081,0.438,svd
1627,5,1009,0.435,svd
1627,6,1099,0.433,svd
1627,7,1011,0.425,svd
1627,8,1153,0.424,svd
1627,9,1004,0.42,svd
1627,10,1015,0.408,svd
1628,1,1005,0.637,svd
1628,2,1099,0.633,svd
1628,3,1175,0.616,svd
1628,4,1092,0.613,svd
1628,5,1011,0.604,svd
1628,6,1008,0.544,svd
1628,7,1096,0.538,svd
1628,8,1028,0.528,svd
1628,9,1089,0.51,svd
1628,10,1091,0.496,svd
1629,1,1084,0.297,svd
1629,2,1169,0.281,svd
1629,3,1043,0.274,svd
1629,4,1002,0.265,svd
1629,5,978,0.254,svd
1629,6,1095,0.253,svd
1629,7,1219,0.241,svd
1629,8,973,0.24,svd
1629,9,1055,0.24,svd
1629,10,961,0.222,svd
1630,1,1170,0.683,svd
1630,2,1045,0.647,svd
1630,3,1046,0.622,svd
1630,4,1132,0.609,svd
1630,5,1200,0.577,svd
1630,6,1248,0.565,svd
1630,7,1203,0.531,svd
1630,8,1007,0.526,svd
1630,9,1052,0.517,svd
1630,10,1053,0.515,svd
1631,1,1148,0.669,svd
1631,2,1003,0.66,svd
1631,3,1054,0.621,svd
1631,4,1139,0.619,svd
1631,5,1053,0.607,svd
1631,6,974,0.587,svd
1631,7,976,0.571,svd
1631,8,1061,0.569,svd
1631,9,1093,0.553,svd
1631,10,1226,0.546,svd
1632,1,1088,0.597,svd
1632,2,999,0.581,svd
1632,3,1240,0.514,svd
1632,4,1233,0.442,svd
1632,5,990,0.427,svd
1632,6,981,0.393,svd
1632,7,994,0.373,svd
1632,8,1151,0.361,svd
1632,9,1076,0.356,svd
1632,10,1159,0.353,svd
1633,1,1000,0.809,svd
1633,2,1088,0.714,svd
1633,3,1081,0.709,svd
1633,4,1169,0.696,svd
1633,5,1001,0.637,svd
1633,6,1002,0.569,svd
1633,7,1082,0.566,svd
1633,8,1084,0.545,svd
1633,9,1078,0.539,svd
1633,10,1077,0.508,svd
1634,1,1012,0.553,svd
1634,2,1092,0.514,svd
1634,3,1013,0.483,svd
1634,4,1014,0.478,svd
1634,5,1181,0.473,svd
1634,6,1006,0.468,svd
1634,7,1175,0.454,svd
1634,8,1010,0.452,svd
1634,9,1099,0.447,svd
1634,10,1008,0.427,svd
1635,1,1233,0.27,svd
1635,2,982,0.268,svd
1635,3,1068,0.267,svd
1635,4,989,0.26,svd
1635,5,1012,0.252,svd
1635,6,1027,0.248,svd
1635,7,1144,0.242,svd
1635,8,1159,0.242,svd
1635,9,996,0.236,svd
1635,10,1006,0.234,svd
1636,1,1041,0.618,svd
1636,2,1230,0.56,svd
1636,3,1016,0.555,svd
1636,4,1219,0.553,svd
1636,5,1064,0.539,svd
1636,6,1049,0.537,svd
1636,7,1046,0.537,svd
1636,8,1134,0.529,svd
1636,9,963,0.513,svd
1636,10,1133,0.484,svd
1637,1,1068,0.576,svd
1637,2,1154,0.569,svd
1637,3,1138,0.513,svd
1637,4,1225,0.507,svd
1637,5,1051,0.502,svd
1637,6,1168,0.487,svd
1637,7,969,0.455,svd
1637,8,1238,0.45,svd
1637,9,1235,0.43,svd
1637,10,1093,0.413,svd
1638,1,1069,0.537,svd
1638,2,1084,0.491,svd
1638,3,990,0.482,svd
1638,4,1083,0.458,svd
1638,5,1238,0.42,svd
1638,6,1157,0.418,svd
1638,7,1164,0.416,svd
1638,8,1151,0.415,svd
1638,9,1087,0.392,svd
1638,10,1252,0.384,svd
1639,1,1050,0.611,svd
1639,2,1081,0.609,svd
1639,3,1087,0.556,svd
1639,4,1000,0.555,svd
1639,5,1085,0.534,svd
1639,6,1079,0.48,svd
1639,7,1169,0.477,svd
1639,8,1171,0.465,svd
1639,9,971,0.462,svd
1639,10,1164,0.456,svd
1640,1,1013,0.586,svd
1640,2,1179,0.582,svd
1640,3,1012,0.576,svd
1640,4,1099,0.55,svd
1640,5,989,0.532,svd
1640,6,1173,0.527,svd
1640,7,1180,0.522,svd
1640,8,1008,0.511,svd
1640,9,1015,0.504,svd
1640,10,1242,0.489,svd
1641,1,1159,0.354,svd
1641,2,1069,0.35,svd
1641,3,992,0.348,svd
1641,4,1075,0.334,svd
1641,5,1150,0.309,svd
1641,6,1083,0.295,svd
1641,7,1066,0.294,svd
1641,8,1114,0.265,svd
1641,9,1027,0.265,svd
1641,10,1021,0.243,svd
1642,1,1062,0.584,svd
1642,2,1195,0.56,svd
1642,3,1066,0.534,svd
1642,4,972,0.487,svd
1642,5,1046,0.487,svd
1642,6,961,0.476,svd
1642,7,1128,0.462,svd
1642,8,1221,0.451,svd
1642,9,1130,0.431,svd
1642,10,1227,0.429,svd
1643,1,1059,0.529,svd
1643,2,969,0.511,svd
1643,3,977,0.509,svd
1643,4,972,0.486,svd
1643,5,1051,0.476,svd
1643,6,1204,0.444,svd
1643,7,1062,0.426,svd
1643,8,1150,0.405,svd
1643,9,1054,0.403,svd
1643,10,1143,0.401,svd
1644,1,988,0.69,svd
1644,2,1158,0.608,svd
1644,3,1085,0.588,svd
1644,4,1161,0.581,svd
1644,5,1237,0.521,svd
1644,6,996,0.498,svd
1644,7,1072,0.483,svd
1644,8,1073,0.468,svd
1644,9,1083,0.462,svd
1644,10,1240,0.46,svd
1645,1,998,0.527,svd
1645,2,1169,0.523,svd
1645,3,1084,0.512,svd
1645,4,1002,0.5,svd
1645,5,1081,0.494,svd
1645,6,1087,0.48,svd
1645,7,1161,0.454,svd
1645,8,1086,0.44,svd
1645,9,999,0.433,svd
1645,10,1253,0.427,svd
1646,1,1033,0.61,svd
1646,2,1249,0.57,svd
1646,3,1089,0.545,svd
1646,4,1028,0.54,svd
1646,5,1107,0.526,svd
1646,6,1015,0.525,svd
1646,7,1092,0.509,svd
1646,8,1096,0.499,svd
1646,9,1173,0.492,svd
1646,10,1006,0.487,svd
1647,1,1169,0.393,svd
1647,2,1153,0.283,svd
1647,3,1162,0.265,svd
1647,4,996,0.26,svd
1647,5,978,0.259,svd
1647,6,1085,0.224,svd
1647,7,973,0.223,svd
1647,8,1004,0.221,svd
1647,9,1005,0.216,svd
1647,10,998,0.215,svd
1648,1,1195,0.636,svd
1648,2,1016,0.598,svd
1648,3,1044,0.591,svd
1648,4,1214,0.579,svd
1648,5,1219,0.573,svd
1648,6,1046,0.57,svd
1648,7,1064,0.558,svd
1648,8,1117,0.557,svd
1648,9,1134,0.548,svd
1648,10,1130,0.547,svd
1649,1,972,0.619,svd
1649,2,1226,0.612,svd
1649,3,1093,0.599,svd
1649,4,1051,0.593,svd
1649,5,1154,0.582,svd
1649,6,1139,0.579,svd
1649,7,1003,0.576,svd
1649,8,1230,0.541,svd
1649,9,980,0.535,svd
1649,10,976,0.524,svd
1650,1,983,0.683,svd
1650,2,1247,0.608,svd
1650,3,987,0.57,svd
1650,4,1073,0.566,svd
1650,5,1233,0.539,svd
1650,6,1159,0.532,svd
1650,7,1043,0.512,svd
1650,8,990,0.509,svd
1650,9,1162,0.503,svd
1650,10,1152,0.491,svd
1651,1,999,0.625,svd
1651,2,1050,0.503,svd
1651,3,1144,0.48,svd
1651,4,1153,0.48,svd
1651,5,1081,0.479,svd
1651,6,1253,0.473,svd
1651,7,993,0.427,svd
1651,8,1169,0.418,svd
1651,9,1006,0.41,svd
1651,10,1087,0.403,svd
1652,1,1014,0.622,svd
1652,2,1033,0.604,svd
1652,3,1175,0.57,svd
1652,4,1144,0.539,svd
1652,5,1181,0.53,svd
1652,6,1174,0.521,svd
1652,7,1005,0.52,svd
1652,8,1173,0.5,svd
1652,9,1097,0.5,svd
1652,10,1095,0.497,svd
1653,1,1014,0.274,svd
1653,2,1242,0.252,svd
1653,3,1011,0.232,svd
1653,4,1241,0.231,svd
1653,5,1099,0.229,svd
1653,6,1015,0.226,svd
1653,7,1129,0.225,svd
1653,8,1069,0.224,svd
1653,9,1095,0.223,svd
1653,10,1005,0.222,svd
1654,1,1023,0.665,svd
1654,2,973,0.655,svd
1654,3,1062,0.653,svd
1654,4,1219,0.641,svd
1654,5,975,0.627,svd
1654,6,1051,0.556,svd
1654,7,1066,0.555,svd
1654,8,1041,0.533,svd
1654,9,1220,0.523,svd
1654,10,1047,0.52,svd
1655,1,1059,0.657,svd
1655,2,1063,0.566,svd
1655,3,1054,0.529,svd
1655,4,1227,0.523,svd
1655,5,1240,0.522,svd
1655,6,969,0.499,svd
1655,7,1241,0.478,svd
1655,8,1150,0.473,svd
1655,9,1231,0.472,svd
1655,10,1032,0.467,svd
1656,1,990,0.559,svd
1656,2,1237,0.539,svd
1656,3,1076,0.527,svd
1656,4,983,0.517,svd
1656,5,1075,0.515,svd
1656,6,1114,0.515,svd
1656,7,1083,0.506,svd
1656,8,1238,0.492,svd
1656,9,1169,0.479,svd
1656,10,1247,0.465,svd
1657,1,1085,0.679,svd
1657,2,1251,0.611,svd
1657,3,996,0.564,svd
1657,4,1078,0.562,svd
1657,5,1087,0.547,svd
1657,6,1015,0.503,svd
1657,7,1040,0.496,svd
1657,8,1036,0.487,svd
1657,9,995,0.454,svd
1657,10,1033,0.441,svd
1658,1,1179,0.458,svd
1658,2,1014,0.457,svd
1658,3,1011,0.442,svd
1658,4,1010,0.441,svd
1658,5,1012,0.43,svd
1658,6,989,0.416,svd
1658,7,1173,0.411,svd
1658,8,1057,0.41,svd
1658,9,1028,0.409,svd
1658,10,1033,0.406,svd
1659,1,984,0.423,svd
1659,2,1005,0.414,svd
1659,3,1167,0.404,svd
1659,4,1252,0.4,svd
1659,5,1076,0.35,svd
1659,6,1177,0.342,svd
1659,7,973,0.333,svd
1659,8,1153,0.331,svd
1659,9,1027,0.324,svd
1659,10,1056,0.324,svd
1660,1,1225,0.641,svd
1660,2,966,0.578,svd
1660,3,1200,0.497,svd
1660,4,1248,0.488,svd
1660,5,967,0.48,svd
1660,6,1226,0.456,svd
1660,7,1224,0.449,svd
1660,8,1131,0.44,svd
1660,9,1065,0.435,svd
1660,10,1230,0.422,svd
1661,1,1023,0.597,svd
1661,2,972,0.549,svd
1661,3,980,0.535,svd
1661,4,1167,0.507,svd
1661,5,1204,0.502,svd
1661,6,1093,0.502,svd
1661,7,1150,0.498,svd
1661,8,1240,0.481,svd
1661,9,1168,0.477,svd
1661,10,1148,0.463,svd
1662,1,1209,0.571,svd
1662,2,1160,0.539,svd
1662,3,1083,0.531,svd
1662,4,1241,0.527,svd
1662,5,1085,0.525,svd
1662,6,1237,0.52,svd
1662,7,996,0.498,svd
1662,8,1032,0.465,svd
1662,9,1152,0.465,svd
1662,10,1004,0.456,svd
1663,1,1081,0.547,svd
1663,2,1153,0.534,svd
1663,3,1087,0.521,svd
1663,4,1050,0.51,svd
1663,5,996,0.506,svd
1663,6,1004,0.501,svd
1663,7,1036,0.492,svd
1663,8,1000,0.468,svd
1663,9,1077,0.46,svd
1663,10,1251,0.455,svd
1664,1,1015,0.507,svd
1664,2,1242,0.499,svd
1664,3,1179,0.492,svd
1664,4,1028,0.475,svd
1664,5,1181,0.47,svd
1664,6,1099,0.456,svd
1664,7,1173,0.456,svd
1664,8,1097,0.448,svd
1664,9,1057,0.446,svd
1664,10,1174,0.442,svd
1665,1,978,0.264,svd
1665,2,1243,0.246,svd
1665,3,988,0.242,svd
1665,4,1006,0.224,svd
1665,5,1142,0.212,svd
1665,6,1162,0.209,svd
1665,7,1244,0.205,svd
1665,8,1230,0.193,svd
1665,9,1032,0.193,svd
1665,10,989,0.191,svd
1666,1,1016,0.716,svd
1666,2,1136,0.631,svd
1666,3,1046,0.621,svd
1666,4,1066,0.537,svd
1666,5,1200,0.516,svd
1666,6,1234,0.514,svd
1666,7,1170,0.507,svd
1666,8,1188,0.489,svd
1666,9,966,0.479,svd
1666,10,1132,0.468,svd
1667,1,1146,0.558,svd
1667,2,1226,0.524,svd
1667,3,988,0.487,svd
1667,4,973,0.476,svd
1667,5,972,0.459,svd
1667,6,1231,0.446,svd
1667,7,1243,0.415,svd
1667,8,1003,0.414,svd
1667,9,962,0.413,svd
1667,10,1061,0.411,svd
1668,1,1076,0.545,svd
1668,2,988,0.452,svd
1668,3,1239,0.448,svd
1668,4,981,0.443,svd
1668,5,1083,0.418,svd
1668,6,1250,0.407,svd
1668,7,1244,0.405,svd
1668,8,992,0.403,svd
1668,9,1158,0.398,svd
1668,10,1238,0.391,svd
1669,1,998,0.63,svd
1669,2,1081,0.628,svd
1669,3,1153,0.558,svd
1669,4,993,0.536,svd
1669,5,1077,0.528,svd
1669,6,1027,0.509,svd
1669,7,1082,0.5,svd
1669,8,1001,0.489,svd
1669,9,1169,0.474,svd
1669,10,995,0.47,svd
1670,1,1033,0.574,svd
1670,2,1097,0.571,svd
1670,3,1013,0.529,svd
1670,4,1011,0.504,svd
1670,5,1099,0.428,svd
1670,6,1175,0.421,svd
1670,7,1012,0.421,svd
1670,8,1089,0.417,svd
1670,9,1177,0.413,svd
1670,10,1182,0.409,svd
1671,1,1225,0.212,svd
1671,2,1241,0.201,svd
1671,3,1099,0.196,svd
1671,4,1226,0.188,svd
1671,5,1204,0.186,svd
1671,6,1015,0.184,svd
1671,7,1136,0.184,svd
1671,8,1045,0.177,svd
1671,9,1251,0.174,svd
1671,10,989,0.168,svd
1672,1,967,0.533,svd
1672,2,1064,0.528,svd
1672,3,959,0.528,svd
1672,4,1203,0.518,svd
1672,5,1130,0.517,svd
1672,6,1021,0.493,svd
1672,7,1217,0.489,svd
1672,8,957,0.481,svd
1672,9,1215,0.469,svd
1672,10,1132,0.462,svd
1673,1,1146,0.6,svd
1673,2,974,0.594,svd
1673,3,1053,0.565,svd
1673,4,1145,0.512,svd
1673,5,1068,0.5,svd
1673,6,1154,0.495,svd
1673,7,970,0.492,svd
1673,8,1051,0.49,svd
1673,9,1148,0.489,svd
1673,10,987,0.475,svd
1674,1,1150,0.54,svd
1674,2,1068,0.526,svd
1674,3,1164,0.497,svd
1674,4,1158,0.486,svd
1674,5,1235,0.469,svd
1674,6,1027,0.459,svd
1674,7,990,0.456,svd
1674,8,1240,0.443,svd
1674,9,1157,0.443,svd
1674,10,993,0.434,svd
1675,1,998,0.574,svd
1675,2,1082,0.507,svd
1675,3,993,0.476,svd
1675,4,964,0.468,svd
1675,5,1171,0.439,svd
1675,6,1002,0.424,svd
1675,7,1085,0.407,svd
1675,8,1088,0.402,svd
1675,9,1087,0.399,svd
1675,10,1079,0.397,svd
1676,1,1013,0.702,svd
1676,2,1144,0.639,svd
1676,3,1181,0.629,svd
1676,4,1028,0.597,svd
1676,5,1129,0.581,svd
1676,6,1174,0.556,svd
1676,7,1249,0.551,svd
1676,8,1242,0.542,svd
1676,9,1005,0.542,svd
1676,10,1097,0.54,svd
1677,1,1175,0.256,svd
1677,2,1095,0.233,svd
1677,3,978,0.218,svd
1677,4,1055,0.217,svd
1677,5,1195,0.216,svd
1677,6,981,0.213,svd
1677,7,1014,0.207,svd
1677,8,999,0.207,svd
1677,9,1174,0.202,svd
1677,10,1210,0.202,svd
1678,1,1059,0.529,svd
1678,2,1136,0.524,svd
1678,3,1041,0.514,svd
1678,4,1117,0.487,svd
1678,5,1044,0.484,svd
1678,6,1064,0.481,svd
1678,7,1016,0.476,svd
1678,8,972,0.472,svd
1678,9,1227,0.471,svd
1678,10,1063,0.47,svd
1679,1,972,0.68,svd
1679,2,1141,0.639,svd
1679,3,1231,0.58,svd
1679,4,1227,0.575,svd
1679,5,1073,0.532,svd
1679,6,1072,0.52,svd
1679,7,983,0.485,svd
1679,8,1039,0.464,svd
1679,9,988,0.434,svd
1679,10,1250,0.416,svd
1680,1,1169,0.586,svd
1680,2,1050,0.499,svd
1680,3,988,0.474,svd
1680,4,1172,0.463,svd
1680,5,1075,0.46,svd
1680,6,1083,0.457,svd
1680,7,1237,0.456,svd
1680,8,1164,0.453,svd
1680,9,1082,0.452,svd
1680,10,1166,0.435,svd
1681,1,1172,0.539,svd
1681,2,1082,0.538,svd
1681,3,1171,0.515,svd
1681,4,1253,0.51,svd
1681,5,1005,0.48,svd
1681,6,1084,0.477,svd
1681,7,1077,0.471,svd
1681,8,1251,0.471,svd
1681,9,993,0.463,svd
1681,10,1254,0.429,svd
1682,1,1014,0.559,svd
1682,2,1174,0.515,svd
1682,3,1242,0.497,svd
1682,4,1249,0.452,svd
1682,5,1012,0.45,svd
1682,6,1011,0.448,svd
1682,7,1193,0.417,svd
1682,8,1181,0.416,svd
1682,9,1129,0.413,svd
1682,10,1092,0.394,svd
1683,1,1230,0.367,svd
1683,2,1142,0.321,svd
1683,3,1139,0.314,svd
1683,4,1005,0.272,svd
1683,5,1243,0.27,svd
1683,6,1253,0.263,svd
1683,7,1146,0.25,svd
1683,8,1218,0.25,svd
1683,9,996,0.246,svd
1683,10,1222,0.244,svd
1684,1,1055,0.704,svd
1684,2,1215,0.508,svd
1684,3,974,0.489,svd
1684,4,1060,0.48,svd
1684,5,1041,0.433,svd
1684,6,1062,0.431,svd
1684,7,1222,0.426,svd
1684,8,1214,0.426,svd
1684,9,1138,0.42,svd
1684,10,1221,0.408,svd
1685,1,1093,0.637,svd
1685,2,1138,0.611,svd
1685,3,1141,0.598,svd
1685,4,985,0.586,svd
1685,5,974,0.57,svd
1685,6,1244,0.502,svd
1685,7,1068,0.498,svd
1685,8,987,0.49,svd
1685,9,1146,0.466,svd
1685,10,1063,0.46,svd
1686,1,984,0.673,svd
1686,2,1241,0.606,svd
1686,3,1083,0.603,svd
1686,4,1002,0.545,svd
1686,5,1237,0.536,svd
1686,6,988,0.524,svd
1686,7,1158,0.508,svd
1686,8,1218,0.502,svd
1686,9,1235,0.494,svd
1686,10,1159,0.493,svd
1687,1,1153,0.554,svd
1687,2,998,0.542,svd
1687,3,1172,0.507,svd
1687,4,1084,0.435,svd
1687,5,1085,0.415,svd
1687,6,973,0.383,svd
1687,7,1171,0.379,svd
1687,8,1040,0.378,svd
1687,9,1161,0.37,svd
1687,10,1254,0.351,svd
1688,1,1014,0.486,svd
1688,2,1033,0.486,svd
1688,3,1179,0.465,svd
1688,4,1129,0.453,svd
1688,5,1099,0.449,svd
1688,6,1010,0.448,svd
1688,7,1011,0.442,svd
1688,8,1249,0.424,svd
1688,9,1096,0.42,svd
1688,10,1009,0.418,svd
1689,1,1013,0.154,svd
1689,2,1033,0.153,svd
1689,3,1092,0.152,svd
1689,4,1170,0.148,svd
1689,5,1006,0.145,svd
1689,6,1133,0.14,svd
1689,7,1012,0.14,svd
1689,8,1091,0.138,svd
1689,9,1027,0.137,svd
1689,10,1005,0.136,svd
1690,1,1064,0.724,svd
1690,2,1210,0.707,svd
1690,3,1133,0.7,svd
1690,4,1066,0.655,svd
1690,5,1047,0.633,svd
1690,6,967,0.586,svd
1690,7,1131,0.581,svd
1690,8,1041,0.561,svd
1690,9,1248,0.556,svd
1690,10,965,0.554,svd
1691,1,1142,0.573,svd
1691,2,1243,0.553,svd
1691,3,1139,0.536,svd
1691,4,1222,0.527,svd
1691,5,1076,0.523,svd
1691,6,1051,0.477,svd
1691,7,981,0.465,svd
1691,8,1141,0.463,svd
1691,9,1053,0.461,svd
1691,10,1054,0.453,svd
1692,1,999,0.632,svd
1692,2,1233,0.525,svd
1692,3,1240,0.493,svd
1692,4,981,0.459,svd
1692,5,1079,0.448,svd
1692,6,990,0.448,svd
1692,7,1027,0.443,svd
1692,8,1076,0.423,svd
1692,9,1238,0.416,svd
1692,10,988,0.401,svd
1693,1,998,0.649,svd
1693,2,1081,0.51,svd
1693,3,964,0.496,svd
1693,4,1144,0.453,svd
1693,5,1027,0.448,svd
1693,6,1002,0.446,svd
1693,7,1004,0.446,svd
1693,8,1251,0.433,svd
1693,9,994,0.43,svd
1693,10,1015,0.429,svd
1694,1,1179,0.621,svd
1694,2,1013,0.575,svd
1694,3,1249,0.547,svd
1694,4,1097,0.544,svd
1694,5,1181,0.527,svd
1694,6,1174,0.527,svd
1694,7,1129,0.522,svd
1694,8,1096,0.492,svd
1694,9,1089,0.486,svd
1694,10,1180,0.484,svd
1695,1,992,0.369,svd
1695,2,1075,0.349,svd
1695,3,1045,0.314,svd
1695,4,1151,0.311,svd
1695,5,1235,0.296,svd
1695,6,981,0.294,svd
1695,7,1198,0.29,svd
1695,8,1077,0.285,svd
1695,9,1076,0.276,svd
1695,10,1016,0.273,svd
1696,1,1133,0.823,svd
1696,2,1154,0.802,svd
1696,3,1045,0.8,svd
1696,4,1226,0.69,svd
1696,5,1131,0.601,svd
1696,6,991,0.6,svd
1696,7,958,0.591,svd
1696,8,1222,0.582,svd
1696,9,1216,0.546,svd
1696,10,1211,0.542,svd
1697,1,1225,0.671,svd
1697,2,1138,0.625,svd
1697,3,1055,0.56,svd
1697,4,1241,0.489,svd
1697,5,1224,0.487,svd
1697,6,1204,0.486,svd
1697,7,1139,0.482,svd
1697,8,1060,0.48,svd
1697,9,1154,0.473,svd
1697,10,1148,0.472,svd
1698,1,1239,0.643,svd
1698,2,1075,0.539,svd
1698,3,1032,0.522,svd
1698,4,1073,0.511,svd
1698,5,1209,0.505,svd
1698,6,1076,0.503,svd
1698,7,1247,0.492,svd
1698,8,1043,0.484,svd
1698,9,982,0.481,svd
1698,10,1244,0.469,svd
1699,1,999,0.631,svd
1699,2,1172,0.627,svd
1699,3,1050,0.584,svd
1699,4,1144,0.567,svd
1699,5,1092,0.493,svd
1699,6,998,0.489,svd
1699,7,1081,0.465,svd
1699,8,1099,0.44,svd
1699,9,1153,0.406,svd
1699,10,1181,0.385,svd
1700,1,1010,0.532,svd
1700,2,1012,0.515,svd
1700,3,1097,0.515,svd
1700,4,1129,0.513,svd
1700,5,1014,0.496,svd
1700,6,1091,0.466,svd
1700,7,1173,0.46,svd
1700,8,1179,0.454,svd
1700,9,1008,0.399,svd
1700,10,1057,0.39,svd
1701,1,1076,0.2,svd
1701,2,1043,0.198,svd
1701,3,1068,0.193,svd
1701,4,984,0.19,svd
1701,5,981,0.187,svd
1701,6,1238,0.187,svd
1701,7,990,0.186,svd
1701,8,1055,0.159,svd
1701,9,1158,0.15,svd
1701,10,1160,0.15,svd
1702,1,967,0.754,svd
1702,2,1214,0.685,svd
1702,3,1170,0.682,svd
1702,4,1046,0.667,svd
1702,5,1045,0.654,svd
1702,6,959,0.624,svd
1702,7,991,0.61,svd
1702,8,960,0.592,svd
1702,9,1132,0.565,svd
1702,10,1198,0.553,svd
1703,1,1060,0.729,svd
1703,2,1055,0.612,svd
1703,3,1238,0.578,svd
1703,4,1225,0.569,svd
1703,5,1061,0.526,svd
1703,6,1142,0.521,svd
1703,7,1141,0.509,svd
1703,8,1204,0.5,svd
1703,9,1093,0.497,svd
1703,10,1023,0.482,svd
1704,1,1161,0.618,svd
1704,2,988,0.531,svd
1704,3,1002,0.482,svd
1704,4,1209,0.46,svd
1704,5,1247,0.442,svd
1704,6,1243,0.438,svd
1704,7,1152,0.431,svd
1704,8,1218,0.425,svd
1704,9,1004,0.415,svd
1704,10,978,0.39,svd
1705,1,1087,0.534,svd
1705,2,1085,0.498,svd
1705,3,1081,0.494,svd
1705,4,998,0.447,svd
1705,5,1172,0.44,svd
1705,6,989,0.406,svd
1705,7,964,0.399,svd
1705,8,1174,0.392,svd
1705,9,1088,0.392,svd
1705,10,1251,0.39,svd
1706,1,1092,0.384,svd
1706,2,1013,0.325,svd
1706,3,1012,0.323,svd
1706,4,1033,0.3,svd
1706,5,1179,0.291,svd
1706,6,1099,0.29,svd
1706,7,1154,0.281,svd
1706,8,1011,0.28,svd
1706,9,1173,0.279,svd
1706,10,1112,0.278,svd
1707,1,981,0.295,svd
1707,2,1241,0.277,svd
1707,3,1055,0.272,svd
1707,4,1043,0.27,svd
1707,5,1076,0.264,svd
1707,6,1225,0.263,svd
1707,7,1149,0.254,svd
1707,8,1068,0.253,svd
1707,9,1157,0.246,svd
1707,10,1238,0.244,svd
1708,1,1170,0.716,svd
1708,2,1188,0.673,svd
1708,3,959,0.611,svd
1708,4,1200,0.607,svd
1708,5,1214,0.586,svd
1708,6,965,0.56,svd
1708,7,1003,0.546,svd
1708,8,1053,0.535,svd
1708,9,1216,0.499,svd
1708,10,1146,0.498,svd
1709,1,977,0.716,svd
1709,2,975,0.643,svd
1709,3,1204,0.619,svd
1709,4,1240,0.552,svd
1709,5,985,0.524,svd
1709,6,1147,0.523,svd
1709,7,1145,0.522,svd
1709,8,1221,0.487,svd
1709,9,1205,0.486,svd
1709,10,1083,0.468,svd
1710,1,1160,0.719,svd
1710,2,1162,0.708,svd
1710,3,1075,0.65,svd
1710,4,1250,0.623,svd
1710,5,1209,0.592,svd
1710,6,987,0.581,svd
1710,7,1004,0.544,svd
1710,8,1233,0.535,svd
1710,9,1171,0.534,svd
1710,10,1084,0.501,svd
1711,1,964,0.652,svd
1711,2,1077,0.586,svd
1711,3,1253,0.582,svd
1711,4,1153,0.553,svd
1711,5,1004,0.548,svd
1711,6,1050,0.545,svd
1711,7,1085,0.532,svd
1711,8,999,0.519,svd
1711,9,1171,0.472,svd
1711,10,995,0.452,svd
1712,1,1013,0.45,svd
1712,2,1014,0.447,svd
1712,3,1179,0.416,svd
1712,4,1015,0.412,svd
1712,5,1028,0.402,svd
1712,6,1129,0.392,svd
1712,7,1005,0.381,svd
1712,8,1144,0.372,svd
1712,9,1009,0.362,svd
1712,10,1008,0.362,svd
1713,1,981,0.231,svd
1713,2,1043,0.23,svd
1713,3,1076,0.217,svd
1713,4,1155,0.212,svd
1713,5,1069,0.206,svd
1713,6,1240,0.203,svd
1713,7,1160,0.19,svd
1713,8,1158,0.185,svd
1713,9,990,0.184,svd
1713,10,1209,0.183,svd
1714,1,1046,0.533,svd
1714,2,1064,0.527,svd
1714,3,966,0.521,svd
1714,4,1136,0.503,svd
1714,5,1226,0.494,svd
1714,6,991,0.478,svd
1714,7,1021,0.463,svd
1714,8,1200,0.463,svd
1714,9,1047,0.459,svd
1714,10,1117,0.456,svd
1715,1,1243,0.697,svd
1715,2,983,0.603,svd
1715,3,1240,0.556,svd
1715,4,1155,0.551,svd
1715,5,1238,0.549,svd
1715,6,1218,0.54,svd
1715,7,1072,0.539,svd
1715,8,992,0.52,svd
1715,9,984,0.496,svd
1715,10,1230,0.494,svd
1716,1,1239,0.682,svd
1716,2,1152,0.671,svd
1716,3,1209,0.619,svd
1716,4,1169,0.595,svd
1716,5,1043,0.579,svd
1716,6,1032,0.578,svd
1716,7,996,0.578,svd
1716,8,1247,0.515,svd
1716,9,987,0.44,svd
1716,10,1157,0.437,svd
1717,1,998,0.492,svd
1717,2,1172,0.462,svd
1717,3,1081,0.454,svd
1717,4,996,0.423,svd
1717,5,1087,0.417,svd
1717,6,1004,0.404,svd
1717,7,1171,0.389,svd
1717,8,964,0.385,svd
1717,9,999,0.383,svd
1717,10,1162,0.361,svd
1718,1,1015,0.566,svd
1718,2,1099,0.529,svd
1718,3,1012,0.519,svd
1718,4,1096,0.513,svd
1718,5,1129,0.507,svd
1718,6,1005,0.507,svd
1718,7,1095,0.503,svd
1718,8,1033,0.49,svd
1718,9,1089,0.454,svd
1718,10,1010,0.453,svd
1719,1,1088,0.265,svd
1719,2,1172,0.257,svd
1719,3,999,0.256,svd
1719,4,1154,0.25,svd
1719,5,1146,0.224,svd
1719,6,1050,0.219,svd
1719,7,1000,0.215,svd
1719,8,994,0.214,svd
1719,9,1068,0.213,svd
1719,10,1164,0.207,svd
1720,1,978,0.492,svd
1720,2,1053,0.479,svd
1720,3,1142,0.459,svd
1720,4,1146,0.449,svd
1720,5,1222,0.44,svd
1720,6,1224,0.428,svd
1720,7,1003,0.409,svd
1720,8,1170,0.407,svd
1720,9,1061,0.397,svd
1720,10,1054,0.394,svd
1721,1,973,0.72,svd
1721,2,972,0.57,svd
1721,3,1145,0.566,svd
1721,4,1054,0.559,svd
1721,5,1226,0.545,svd
1721,6,1003,0.54,svd
1721,7,1148,0.513,svd
1721,8,1230,0.513,svd
1721,9,976,0.5,svd
1721,10,1141,0.488,svd
1722,1,1043,0.608,svd
1722,2,1083,0.597,svd
1722,3,1239,0.567,svd
1722,4,990,0.544,svd
1722,5,1237,0.528,svd
1722,6,1149,0.519,svd
1722,7,1240,0.504,svd
1722,8,984,0.473,svd
1722,9,988,0.453,svd
1722,10,1158,0.424,svd
1723,1,1175,0.525,svd
1723,2,1173,0.455,svd
1723,3,1005,0.439,svd
1723,4,998,0.435,svd
1723,5,1174,0.43,svd
1723,6,1087,0.418,svd
1723,7,989,0.414,svd
1723,8,1144,0.408,svd
1723,9,1129,0.4,svd
1723,10,999,0.379,svd
1724,1,1012,0.494,svd
1724,2,1014,0.491,svd
1724,3,1005,0.441,svd
1724,4,1013,0.43,svd
1724,5,1129,0.423,svd
1724,6,1242,0.42,svd
1724,7,1179,0.415,svd
1724,8,989,0.412,svd
1724,9,1096,0.408,svd
1724,10,1009,0.403,svd
1725,1,1221,0.365,svd
1725,2,1198,0.314,svd
1725,3,1066,0.264,svd
1725,4,1219,0.246,svd
1725,5,1055,0.242,svd
1725,6,980,0.241,svd
1725,7,1150,0.239,svd
1725,8,1204,0.238,svd
1725,9,1210,0.236,svd
1725,10,981,0.232,svd
1726,1,1131,0.481,svd
1726,2,1210,0.468,svd
1726,3,1230,0.446,svd
1726,4,1222,0.435,svd
1726,5,1170,0.428,svd
1726,6,1138,0.422,svd
1726,7,1200,0.411,svd
1726,8,1214,0.404,svd
1726,9,1046,0.4,svd
1726,10,958,0.394,svd
1727,1,1141,0.587,svd
1727,2,977,0.545,svd
1727,3,1054,0.522,svd
1727,4,973,0.508,svd
1727,5,1204,0.492,svd
1727,6,1231,0.49,svd
1727,7,1061,0.481,svd
1727,8,1227,0.475,svd
1727,9,992,0.466,svd
1727,10,1062,0.466,svd
1728,1,993,0.673,svd
1728,2,1027,0.596,svd
1728,3,1163,0.549,svd
1728,4,990,0.527,svd
1728,5,1241,0.482,svd
1728,6,1001,0.482,svd
1728,7,1076,0.472,svd
1728,8,1083,0.448,svd
1728,9,1240,0.442,svd
1728,10,964,0.436,svd
1729,1,1087,0.6,svd
1729,2,1027,0.548,svd
1729,3,1001,0.537,svd
1729,4,1162,0.526,svd
1729,5,1253,0.492,svd
1729,6,993,0.482,svd
1729,7,1077,0.47,svd
1729,8,1084,0.465,svd
1729,9,1169,0.447,svd
1729,10,1086,0.441,svd
1730,1,1179,0.503,svd
1730,2,989,0.479,svd
1730,3,1014,0.457,svd
1730,4,1033,0.451,svd
1730,5,1028,0.431,svd
1730,6,1008,0.426,svd
1730,7,1099,0.425,svd
1730,8,1015,0.412,svd
1730,9,1129,0.404,svd
1730,10,1175,0.4,svd
1731,1,1161,0.423,svd
1731,2,1006,0.407,svd
1731,3,1175,0.369,svd
1731,4,1095,0.346,svd
1731,5,996,0.342,svd
1731,6,1209,0.34,svd
1731,7,1244,0.329,svd
1731,8,1243,0.324,svd
1731,9,1085,0.319,svd
1731,10,1242,0.318,svd
1732,1,1210,0.519,svd
1732,2,1023,0.498,svd
1732,3,1045,0.463,svd
1732,4,1021,0.451,svd
1732,5,1128,0.441,svd
1732,6,1214,0.436,svd
1732,7,1200,0.43,svd
1732,8,1135,0.425,svd
1732,9,1188,0.424,svd
1732,10,1065,0.414,svd
1733,1,1226,0.588,svd
1733,2,1093,0.575,svd
1733,3,974,0.575,svd
1733,4,1053,0.554,svd
1733,5,980,0.544,svd
1733,6,1059,0.544,svd
1733,7,1058,0.538,svd
1733,8,1062,0.528,svd
1733,9,977,0.51,svd
1733,10,1222,0.464,svd
1734,1,1161,0.733,svd
1734,2,1158,0.617,svd
1734,3,1085,0.61,svd
1734,4,1083,0.581,svd
1734,5,983,0.57,svd
1734,6,1218,0.566,svd
1734,7,1250,0.558,svd
1734,8,1171,0.544,svd
1734,9,1240,0.537,svd
1734,10,1152,0.508,svd
1735,1,998,0.472,svd
1735,2,1253,0.454,svd
1735,3,1085,0.446,svd
1735,4,1002,0.431,svd
1735,5,1082,0.416,svd
1735,6,1081,0.414,svd
1735,7,1015,0.405,svd
1735,8,1004,0.377,svd
1735,9,1161,0.374,svd
1735,10,1050,0.372,svd
1736,1,1005,0.382,svd
1736,2,1099,0.373,svd
1736,3,1013,0.37,svd
1736,4,1009,0.342,svd
1736,5,1057,0.341,svd
1736,6,1010,0.33,svd
1736,7,1179,0.308,svd
1736,8,1144,0.305,svd
1736,9,1105,0.293,svd
1736,10,1092,0.285,svd
